Standard,Description,parent,cleaned_description,dict
1,"Cyber Threats and Emerging Technologies | This domain focuses on the landscape of modern digital threats, categorizing the actors who initiate them and the technologies—specifically Artificial Intelligence—that are currently reshaping the battlefield.",null,"Cyber Threats and Emerging Technologies | This domain focuses on the landscape of modern digital threats, categorizing the actors who initiate them and the technologies—specifically Artificial Intelligence—that are currently reshaping the battlefield.","{id: ""1"", text: ""Cyber Threats and Emerging Technologies | This domain focuses on the landscape of modern digital threats, categorizing the actors who initiate them and the technologies—specifically Artificial Intelligence—that are currently reshaping the battlefield."", parent: ""null""},"
1.1,"Social Engineering & Human Vulnerability | Analysis of the ""human element"" in cybersecurity, focusing on psychological manipulation and the tactics used to trick individuals into compromising security.",1,"Social Engineering & Human Vulnerability | Analysis of the 'human element' in cybersecurity, focusing on psychological manipulation and the tactics used to trick individuals into compromising security.","{id: ""1.1"", text: ""Social Engineering & Human Vulnerability | Analysis of the 'human element' in cybersecurity, focusing on psychological manipulation and the tactics used to trick individuals into compromising security."", parent: ""1""},"
1.2,Authentication & Access Attacks | Examination of the methods used to compromise credentials and the technical strategies (like MFA) required to verify identities securely.,1,Authentication & Access Attacks | Examination of the methods used to compromise credentials and the technical strategies (like MFA) required to verify identities securely.,"{id: ""1.2"", text: ""Authentication & Access Attacks | Examination of the methods used to compromise credentials and the technical strategies (like MFA) required to verify identities securely."", parent: ""1""},"
1.3,"Adversary Profiles & Wireless Access | Categorization of attackers by skill level and motivation, alongside the specific vulnerabilities found in wireless communication protocols.",1,"Adversary Profiles & Wireless Access | Categorization of attackers by skill level and motivation, alongside the specific vulnerabilities found in wireless communication protocols.","{id: ""1.3"", text: ""Adversary Profiles & Wireless Access | Categorization of attackers by skill level and motivation, alongside the specific vulnerabilities found in wireless communication protocols."", parent: ""1""},"
1.4,"AI-Augmented Cyberattacks | Exploration of how adversaries leverage Generative AI, LLMs, and automation to enhance phishing, reconnaissance, and malware development.",1,"AI-Augmented Cyberattacks | Exploration of how adversaries leverage Generative AI, LLMs, and automation to enhance phishing, reconnaissance, and malware development.","{id: ""1.4"", text: ""AI-Augmented Cyberattacks | Exploration of how adversaries leverage Generative AI, LLMs, and automation to enhance phishing, reconnaissance, and malware development."", parent: ""1""},"
1.5,"AI-Driven Defense & Response | Focus on how cybersecurity professionals use AI to automate threat detection, audit code, and scale defense mechanisms against high-speed attacks.",1,"AI-Driven Defense & Response | Focus on how cybersecurity professionals use AI to automate threat detection, audit code, and scale defense mechanisms against high-speed attacks.","{id: ""1.5"", text: ""AI-Driven Defense & Response | Focus on how cybersecurity professionals use AI to automate threat detection, audit code, and scale defense mechanisms against high-speed attacks."", parent: ""1""},"
2,"Security Principles and Risk Management | This domain shifts from the ""how"" of attacks to the ""how"" of protection, covering the strategic frameworks, risk calculations, and physical safeguards necessary to protect an organization.",null,"Security Principles and Risk Management | This domain shifts from the 'how' of attacks to the 'how' of protection, covering the strategic frameworks, risk calculations, and physical safeguards necessary to protect an organization.","{id: ""2"", text: ""Security Principles and Risk Management | This domain shifts from the 'how' of attacks to the 'how' of protection, covering the strategic frameworks, risk calculations, and physical safeguards necessary to protect an organization."", parent: ""null""},"
2.1,"Strategy, Risk, and the Attack Lifecycle | The foundational theory of cybersecurity, covering the phases of an attack, the CIA Triad, and the formal process of assessing and mitigating risk.",2,"Strategy, Risk, and the Attack Lifecycle | The foundational theory of cybersecurity, covering the phases of an attack, the CIA Triad, and the formal process of assessing and mitigating risk.","{id: ""2.1"", text: ""Strategy, Risk, and the Attack Lifecycle | The foundational theory of cybersecurity, covering the phases of an attack, the CIA Triad, and the formal process of assessing and mitigating risk."", parent: ""2""},"
2.2,"Physical Security Threats | Identification of risks that exist in the ""real world,"" including unauthorized facility access, hardware tampering, and environmental threats.",2,"Physical Security Threats | Identification of risks that exist in the 'real world,' including unauthorized facility access, hardware tampering, and environmental threats.","{id: ""2.2"", text: ""Physical Security Threats | Identification of risks that exist in the 'real world,' including unauthorized facility access, hardware tampering, and environmental threats."", parent: ""2""},"
2.3,"Implementation of Security Controls | The practical application of technical, physical, and managerial safeguards to create a ""defense-in-depth"" posture.",2,"Implementation of Security Controls | The practical application of technical, physical, and managerial safeguards to create a 'defense-in-depth' posture.","{id: ""2.3"", text: ""Implementation of Security Controls | The practical application of technical, physical, and managerial safeguards to create a 'defense-in-depth' posture."", parent: ""2""},"
2.4,"Detection of Physical Breaches | Methods and technologies (sensors, surveillance, and personnel) used to identify and react to physical security incidents as they occur.",2,"Detection of Physical Breaches | Methods and technologies (sensors, surveillance, and personnel) used to identify and react to physical security incidents as they occur.","{id: ""2.4"", text: ""Detection of Physical Breaches | Methods and technologies (sensors, surveillance, and personnel) used to identify and react to physical security incidents as they occur."", parent: ""2""},"
1.1.A,Identify common indicators of social engineering tactics.,1.1,Identify common indicators of social engineering tactics.,"{id: ""1.1.A"", text: ""Identify common indicators of social engineering tactics."", parent: ""1.1""},"
1.1.A.1,"Social engineering attacks employ psychological tactics to manipulate users into revealing sensitive information (elicitation), downloading a malicious file, or clicking on a malicious link. Social engineering can be performed in person but is often done by email, by text message, or through social media messages.",1.1.A,"Social engineering attacks employ psychological tactics to manipulate users into revealing sensitive information (elicitation), downloading a malicious file, or clicking on a malicious link. Social engineering can be performed in person but is often done by email, by text message, or through social media messages.","{id: ""1.1.A.1"", text: ""Social engineering attacks employ psychological tactics to manipulate users into revealing sensitive information (elicitation), downloading a malicious file, or clicking on a malicious link. Social engineering can be performed in person but is often done by email, by text message, or through social media messages."", parent: ""1.1.A""},"
1.1.A.2,Adversaries often use psychological tactics like intimidation and urgency to achieve their goals. Intimidation is when an adversary threatens a target with negative consequences if they don't comply. Urgency is when an adversary creates reasons why a target should act quickly.,1.1.A,Adversaries often use psychological tactics like intimidation and urgency to achieve their goals. Intimidation is when an adversary threatens a target with negative consequences if they don't comply. Urgency is when an adversary creates reasons why a target should act quickly.,"{id: ""1.1.A.2"", text: ""Adversaries often use psychological tactics like intimidation and urgency to achieve their goals. Intimidation is when an adversary threatens a target with negative consequences if they don't comply. Urgency is when an adversary creates reasons why a target should act quickly."", parent: ""1.1.A""},"
1.1.B,Explain how social engineering tactics influence victims to perform a desired action.,1.1,Explain how social engineering tactics influence victims to perform a desired action.,"{id: ""1.1.B"", text: ""Explain how social engineering tactics influence victims to perform a desired action."", parent: ""1.1""},"
1.1.B.1,Social engineering tactics rely on common psychological principles that influence human behavior.,1.1.B,Social engineering tactics rely on common psychological principles that influence human behavior.,"{id: ""1.1.B.1"", text: ""Social engineering tactics rely on common psychological principles that influence human behavior."", parent: ""1.1.B""},"
1.1.B.2,"Intimidation leverages a natural human aversion to negative consequences. By drawing attention to possible negative consequences, adversaries use fear to incite targets to act.",1.1.B,"Intimidation leverages a natural human aversion to negative consequences. By drawing attention to possible negative consequences, adversaries use fear to incite targets to act.","{id: ""1.1.B.2"", text: ""Intimidation leverages a natural human aversion to negative consequences. By drawing attention to possible negative consequences, adversaries use fear to incite targets to act."", parent: ""1.1.B""},"
1.1.B.3,"Urgency leverages a natural human response to react quickly to time-sensitive needs. When targets detect a sense of urgency in a message, they feel pressured to respond or act quickly, which can prevent them from taking the time to consider whether an action is reasonable or safe.",1.1.B,"Urgency leverages a natural human response to react quickly to time-sensitive needs. When targets detect a sense of urgency in a message, they feel pressured to respond or act quickly, which can prevent them from taking the time to consider whether an action is reasonable or safe.","{id: ""1.1.B.3"", text: ""Urgency leverages a natural human response to react quickly to time-sensitive needs. When targets detect a sense of urgency in a message, they feel pressured to respond or act quickly, which can prevent them from taking the time to consider whether an action is reasonable or safe."", parent: ""1.1.B""},"
1.1.C,Describe possible impacts for victims of social engineering attacks.,1.1,Describe possible impacts for victims of social engineering attacks.,"{id: ""1.1.C"", text: ""Describe possible impacts for victims of social engineering attacks."", parent: ""1.1""},"
1.1.C.1,"Victims may give an adversary personal information that could lead to impersonation, such as name, phone number, address, workplace, pets' names, or birthdate. These types of information, and information like them, are often used on websites as challenge questions to verify a user's identity.",1.1.C,"Victims may give an adversary personal information that could lead to impersonation, such as name, phone number, address, workplace, pets' names, or birthdate. These types of information, and information like them, are often used on websites as challenge questions to verify a user's identity.","{id: ""1.1.C.1"", text: ""Victims may give an adversary personal information that could lead to impersonation, such as name, phone number, address, workplace, pets' names, or birthdate. These types of information, and information like them, are often used on websites as challenge questions to verify a user's identity."", parent: ""1.1.C""},"
1.1.C.2,"Victims may give an adversary secure information like a one-time password (OTP) or authentication login code, which could allow an adversary to log in to a service as the victim.",1.1.C,"Victims may give an adversary secure information like a one-time password (OTP) or authentication login code, which could allow an adversary to log in to a service as the victim.","{id: ""1.1.C.2"", text: ""Victims may give an adversary secure information like a one-time password (OTP) or authentication login code, which could allow an adversary to log in to a service as the victim."", parent: ""1.1.C""},"
1.1.C.3,"Victims may download malware or click a link that that installs malware on their device, steals information from their web browser, or directs them to a website where their login credentials can be captured by an adversary.",1.1.C,"Victims may download malware or click a link that that installs malware on their device, steals information from their web browser, or directs them to a website where their login credentials can be captured by an adversary.","{id: ""1.1.C.3"", text: ""Victims may download malware or click a link that that installs malware on their device, steals information from their web browser, or directs them to a website where their login credentials can be captured by an adversary."", parent: ""1.1.C""},"
1.2.A,Identify common signs of a password attack.,1.2,Identify common signs of a password attack.,"{id: ""1.2.A"", text: ""Identify common signs of a password attack."", parent: ""1.2""},"
1.2.A.1,"In an online password attack, adversaries try logging in to a device or service using common passwords, common password patterns, or stolen passwords.",1.2.A,"In an online password attack, adversaries try logging in to a device or service using common passwords, common password patterns, or stolen passwords.","{id: ""1.2.A.1"", text: ""In an online password attack, adversaries try logging in to a device or service using common passwords, common password patterns, or stolen passwords."", parent: ""1.2.A""},"
1.2.A.2,Signs of an online password attack include: • Many failed attempts to log in over a short duration • Login attempts at unusual times • Login attempts from unknown devices,1.2.A,Signs of an online password attack include: • Many failed attempts to log in over a short duration • Login attempts at unusual times • Login attempts from unknown devices,"{id: ""1.2.A.2"", text: ""Signs of an online password attack include: • Many failed attempts to log in over a short duration • Login attempts at unusual times • Login attempts from unknown devices"", parent: ""1.2.A""},"
1.2.B,Explain how adversaries take advantage of weak authentication.,1.2,Explain how adversaries take advantage of weak authentication.,"{id: ""1.2.B"", text: ""Explain how adversaries take advantage of weak authentication."", parent: ""1.2""},"
1.2.B.1,"Many people use common patterns when creating passwords, such as: • Starting a password with one or two words, adding a two-digit number (often signifying a year), and putting a special character at the end • Including the names of family or pets in their passwords • Including personally significant dates in their passwords",1.2.B,"Many people use common patterns when creating passwords, such as: • Starting a password with one or two words, adding a two-digit number (often signifying a year), and putting a special character at the end • Including the names of family or pets in their passwords • Including personally significant dates in their passwords","{id: ""1.2.B.1"", text: ""Many people use common patterns when creating passwords, such as: • Starting a password with one or two words, adding a two-digit number (often signifying a year), and putting a special character at the end • Including the names of family or pets in their passwords • Including personally significant dates in their passwords"", parent: ""1.2.B""},"
1.2.B.2,"Adversaries often construct a dictionary of possible passwords based on personal information gathered about a target (e.g., birthday, anniversary, names of pets and family) and use an automated tool to submit potential passwords.",1.2.B,"Adversaries often construct a dictionary of possible passwords based on personal information gathered about a target (e.g., birthday, anniversary, names of pets and family) and use an automated tool to submit potential passwords.","{id: ""1.2.B.2"", text: ""Adversaries often construct a dictionary of possible passwords based on personal information gathered about a target (e.g., birthday, anniversary, names of pets and family) and use an automated tool to submit potential passwords."", parent: ""1.2.B""},"
1.2.C,Explain how to make authentication stronger.,1.2,Explain how to make authentication stronger.,"{id: ""1.2.C"", text: ""Explain how to make authentication stronger."", parent: ""1.2""},"
1.2.C.1,"Users should create longer and more random passwords, which do not include words or numbers that have personal significance.",1.2.C,"Users should create longer and more random passwords, which do not include words or numbers that have personal significance.","{id: ""1.2.C.1"", text: ""Users should create longer and more random passwords, which do not include words or numbers that have personal significance."", parent: ""1.2.C""},"
1.2.C.2,"Users should increase password complexity by using lowercase and uppercase letters, numbers, and special characters, and spreading the special characters and numbers throughout the password.",1.2.C,"Users should increase password complexity by using lowercase and uppercase letters, numbers, and special characters, and spreading the special characters and numbers throughout the password.","{id: ""1.2.C.2"", text: ""Users should increase password complexity by using lowercase and uppercase letters, numbers, and special characters, and spreading the special characters and numbers throughout the password."", parent: ""1.2.C""},"
1.2.C.3,"When available, users should enable multifactor authentication (MFA), which will require the user to provide extra proof of identity - such as a one-time code - in addition to the password as an extra layer of security.",1.2.C,"When available, users should enable multifactor authentication (MFA), which will require the user to provide extra proof of identity - such as a one-time code - in addition to the password as an extra layer of security.","{id: ""1.2.C.3"", text: ""When available, users should enable multifactor authentication (MFA), which will require the user to provide extra proof of identity - such as a one-time code - in addition to the password as an extra layer of security."", parent: ""1.2.C""},"
1.3.A,Identify the type of adversary conducting a cyberattack.,1.3,Identify the type of adversary conducting a cyberattack.,"{id: ""1.3.A"", text: ""Identify the type of adversary conducting a cyberattack."", parent: ""1.3""},"
1.3.A.1,"Adversaries can be classified by their skill levels. • Low-skilled adversaries rely on malicious cyber tools created by others that can be purchased online. The tools they use exploit known vulnerabilities. • High-skilled adversaries have the capacity to create new malicious cyber tools or modify existing ones to adapt to new defensive techniques and tools. They also have the capacity to discover undocumented vulnerabilities, known as zero days.",1.3.A,"Adversaries can be classified by their skill levels. • Low-skilled adversaries rely on malicious cyber tools created by others that can be purchased online. The tools they use exploit known vulnerabilities. • High-skilled adversaries have the capacity to create new malicious cyber tools or modify existing ones to adapt to new defensive techniques and tools. They also have the capacity to discover undocumented vulnerabilities, known as zero days.","{id: ""1.3.A.1"", text: ""Adversaries can be classified by their skill levels. • Low-skilled adversaries rely on malicious cyber tools created by others that can be purchased online. The tools they use exploit known vulnerabilities. • High-skilled adversaries have the capacity to create new malicious cyber tools or modify existing ones to adapt to new defensive techniques and tools. They also have the capacity to discover undocumented vulnerabilities, known as zero days."", parent: ""1.3.A""},"
1.3.A.2,"Adversaries have a variety of motivations, including greed, desire for recognition, dedication to a cause, revenge, politics, or beliefs.",1.3.A,"Adversaries have a variety of motivations, including greed, desire for recognition, dedication to a cause, revenge, politics, or beliefs.","{id: ""1.3.A.2"", text: ""Adversaries have a variety of motivations, including greed, desire for recognition, dedication to a cause, revenge, politics, or beliefs."", parent: ""1.3.A""},"
1.3.B,Identify types of wireless cyberattacks.,1.3,Identify types of wireless cyberattacks.,"{id: ""1.3.B"", text: ""Identify types of wireless cyberattacks."", parent: ""1.3""},"
1.3.B.1,"In an evil twin attack, an adversary sets up their own wireless access point (WAP) with a service set identifier (SSID) similar or identical to a target network; the adversary's network is called the evil twin. Victims of this attack could select to unknowingly connect to the evil twin, allowing the adversary to capture their network traffic.",1.3.B,"In an evil twin attack, an adversary sets up their own wireless access point (WAP) with a service set identifier (SSID) similar or identical to a target network; the adversary's network is called the evil twin. Victims of this attack could select to unknowingly connect to the evil twin, allowing the adversary to capture their network traffic.","{id: ""1.3.B.1"", text: ""In an evil twin attack, an adversary sets up their own wireless access point (WAP) with a service set identifier (SSID) similar or identical to a target network; the adversary's network is called the evil twin. Victims of this attack could select to unknowingly connect to the evil twin, allowing the adversary to capture their network traffic."", parent: ""1.3.B""},"
1.3.B.2,"In a jamming attack, an adversary floods an area with a strong electromagnetic (EM) signal in the same frequency range as the wireless network, which prevents legitimate traffic between the access point (AP) and users. This type of attack that prevents users from accessing resources is called a denial of service (DoS) attack.",1.3.B,"In a jamming attack, an adversary floods an area with a strong electromagnetic (EM) signal in the same frequency range as the wireless network, which prevents legitimate traffic between the access point (AP) and users. This type of attack that prevents users from accessing resources is called a denial of service (DoS) attack.","{id: ""1.3.B.2"", text: ""In a jamming attack, an adversary floods an area with a strong electromagnetic (EM) signal in the same frequency range as the wireless network, which prevents legitimate traffic between the access point (AP) and users. This type of attack that prevents users from accessing resources is called a denial of service (DoS) attack."", parent: ""1.3.B""},"
1.3.B.3,"In a war driving attack, adversaries try to detect wireless network beacons while driving or walking around a target. If a wireless signal is detected, the adversary can gather information about the type of wireless network used and find areas where the wireless signal extends outside the physical building.",1.3.B,"In a war driving attack, adversaries try to detect wireless network beacons while driving or walking around a target. If a wireless signal is detected, the adversary can gather information about the type of wireless network used and find areas where the wireless signal extends outside the physical building.","{id: ""1.3.B.3"", text: ""In a war driving attack, adversaries try to detect wireless network beacons while driving or walking around a target. If a wireless signal is detected, the adversary can gather information about the type of wireless network used and find areas where the wireless signal extends outside the physical building."", parent: ""1.3.B""},"
1.3.C,Explain how individuals can protect themselves from some cyberattacks.,1.3,Explain how individuals can protect themselves from some cyberattacks.,"{id: ""1.3.C"", text: ""Explain how individuals can protect themselves from some cyberattacks."", parent: ""1.3""},"
1.3.C.1,Individuals should verify that the name of any wireless network they join exactly matches the name of the network they intend to join.,1.3.C,Individuals should verify that the name of any wireless network they join exactly matches the name of the network they intend to join.,"{id: ""1.3.C.1"", text: ""Individuals should verify that the name of any wireless network they join exactly matches the name of the network they intend to join."", parent: ""1.3.C""},"
1.3.C.2,Individuals should avoid joining unprotected wireless networks. Unprotected wireless networks do not require a password or authentication to join.,1.3.C,Individuals should avoid joining unprotected wireless networks. Unprotected wireless networks do not require a password or authentication to join.,"{id: ""1.3.C.2"", text: ""Individuals should avoid joining unprotected wireless networks. Unprotected wireless networks do not require a password or authentication to join."", parent: ""1.3.C""},"
1.3.C.3,"Individuals may consider using a virtual private network (VPN), which encrypts all their traffic, so that any intercepted traffic would not be immediately readable.",1.3.C,"Individuals may consider using a virtual private network (VPN), which encrypts all their traffic, so that any intercepted traffic would not be immediately readable.","{id: ""1.3.C.3"", text: ""Individuals may consider using a virtual private network (VPN), which encrypts all their traffic, so that any intercepted traffic would not be immediately readable."", parent: ""1.3.C""},"
1.4.A,Explain how adversaries use AI-powered tools to augment cyberattacks.,1.4,Explain how adversaries use AI-powered tools to augment cyberattacks.,"{id: ""1.4.A"", text: ""Explain how adversaries use AI-powered tools to augment cyberattacks."", parent: ""1.4""},"
1.4.A.1,"Adversaries can use AI-powered tools that leverage existing voice and image samples of a person to create a digital avatar of that person. The use of these technologies enables adversaries to impersonate someone over the phone or even on a video call, which can lead to financial loss or the sharing of sensitive or private information. As more organizations adopt voice-based authentication, the impact of voice-impersonation has a larger potential impact.",1.4.A,"Adversaries can use AI-powered tools that leverage existing voice and image samples of a person to create a digital avatar of that person. The use of these technologies enables adversaries to impersonate someone over the phone or even on a video call, which can lead to financial loss or the sharing of sensitive or private information. As more organizations adopt voice-based authentication, the impact of voice-impersonation has a larger potential impact.","{id: ""1.4.A.1"", text: ""Adversaries can use AI-powered tools that leverage existing voice and image samples of a person to create a digital avatar of that person. The use of these technologies enables adversaries to impersonate someone over the phone or even on a video call, which can lead to financial loss or the sharing of sensitive or private information. As more organizations adopt voice-based authentication, the impact of voice-impersonation has a larger potential impact."", parent: ""1.4.A""},"
1.4.A.2,"Adversaries can use generative AI tools, like large language models (LLMs), to create convincing phishing messages in any target language. Because traditional phishing messages are sometimes written by non-native speakers of the target's language, unnatural language is a feature that has been used to distinguish phishing messages from legitimate messages. However, with AI tools, adversaries can now craft phishing messages in any language that read as though they were written by a native speaker.",1.4.A,"Adversaries can use generative AI tools, like large language models (LLMs), to create convincing phishing messages in any target language. Because traditional phishing messages are sometimes written by non-native speakers of the target's language, unnatural language is a feature that has been used to distinguish phishing messages from legitimate messages. However, with AI tools, adversaries can now craft phishing messages in any language that read as though they were written by a native speaker.","{id: ""1.4.A.2"", text: ""Adversaries can use generative AI tools, like large language models (LLMs), to create convincing phishing messages in any target language. Because traditional phishing messages are sometimes written by non-native speakers of the target's language, unnatural language is a feature that has been used to distinguish phishing messages from legitimate messages. However, with AI tools, adversaries can now craft phishing messages in any language that read as though they were written by a native speaker."", parent: ""1.4.A""},"
1.4.A.3,Adversaries can craft prompts that extract secure or sensitive information from LLMs. Secure or sensitive information in LLMs can come from user input and the large data sets used to train LLMs.,1.4.A,Adversaries can craft prompts that extract secure or sensitive information from LLMs. Secure or sensitive information in LLMs can come from user input and the large data sets used to train LLMs.,"{id: ""1.4.A.3"", text: ""Adversaries can craft prompts that extract secure or sensitive information from LLMs. Secure or sensitive information in LLMs can come from user input and the large data sets used to train LLMs."", parent: ""1.4.A""},"
1.4.A.4,"Adversaries can publish websites or modify existing websites to contain false information so that the false information will be included in the training sets for LLMs, causing the LLMs to repeat the false information.",1.4.A,"Adversaries can publish websites or modify existing websites to contain false information so that the false information will be included in the training sets for LLMs, causing the LLMs to repeat the false information.","{id: ""1.4.A.4"", text: ""Adversaries can publish websites or modify existing websites to contain false information so that the false information will be included in the training sets for LLMs, causing the LLMs to repeat the false information."", parent: ""1.4.A""},"
1.4.A.5,Adversaries can perform reconnaissance on a target using AI-powered tools that scan the internet to gather information posted on social media and public websites.,1.4.A,Adversaries can perform reconnaissance on a target using AI-powered tools that scan the internet to gather information posted on social media and public websites.,"{id: ""1.4.A.5"", text: ""Adversaries can perform reconnaissance on a target using AI-powered tools that scan the internet to gather information posted on social media and public websites."", parent: ""1.4.A""},"
1.4.A.6,"Adversaries can use AI-enhanced coding tools to help them write new malware, modify existing application code to perform malicious activities, or to find vulnerabilities in large code bases.",1.4.A,"Adversaries can use AI-enhanced coding tools to help them write new malware, modify existing application code to perform malicious activities, or to find vulnerabilities in large code bases.","{id: ""1.4.A.6"", text: ""Adversaries can use AI-enhanced coding tools to help them write new malware, modify existing application code to perform malicious activities, or to find vulnerabilities in large code bases."", parent: ""1.4.A""},"
1.4.B,Explain how to protect against some AI-augmented cyberattacks.,1.4,Explain how to protect against some AI-augmented cyberattacks.,"{id: ""1.4.B"", text: ""Explain how to protect against some AI-augmented cyberattacks."", parent: ""1.4""},"
1.4.B.1,Shared secrets with close friends and relatives that can be used to verify each other's identities should be established. A secret word or phrase known only to two parties can be used to authenticate identities in highstakes situations.,1.4.B,Shared secrets with close friends and relatives that can be used to verify each other's identities should be established. A secret word or phrase known only to two parties can be used to authenticate identities in highstakes situations.,"{id: ""1.4.B.1"", text: ""Shared secrets with close friends and relatives that can be used to verify each other's identities should be established. A secret word or phrase known only to two parties can be used to authenticate identities in highstakes situations."", parent: ""1.4.B""},"
1.4.B.2,"Multifactor authentication (MFA) should be enabled. If an adversary clones a target's voice to access a system with voice authentication, requiring a second authentication factor could prevent an adversary from gaining access to accounts.",1.4.B,"Multifactor authentication (MFA) should be enabled. If an adversary clones a target's voice to access a system with voice authentication, requiring a second authentication factor could prevent an adversary from gaining access to accounts.","{id: ""1.4.B.2"", text: ""Multifactor authentication (MFA) should be enabled. If an adversary clones a target's voice to access a system with voice authentication, requiring a second authentication factor could prevent an adversary from gaining access to accounts."", parent: ""1.4.B""},"
1.4.B.3,"Personal or sensitive data should not be entered into any AI-powered tools, such as chatbots or virtual assistants. Some AI-powered tools feed user input back into the model to provide continuous training. Adversaries could extract data that users have included in prompts.",1.4.B,"Personal or sensitive data should not be entered into any AI-powered tools, such as chatbots or virtual assistants. Some AI-powered tools feed user input back into the model to provide continuous training. Adversaries could extract data that users have included in prompts.","{id: ""1.4.B.3"", text: ""Personal or sensitive data should not be entered into any AI-powered tools, such as chatbots or virtual assistants. Some AI-powered tools feed user input back into the model to provide continuous training. Adversaries could extract data that users have included in prompts."", parent: ""1.4.B""},"
1.4.B.4,"Output from AI-powered tools should be carefully evaluated. Verify information from AI-powered tools using reputable, stable, non-AI-based sources.",1.4.B,"Output from AI-powered tools should be carefully evaluated. Verify information from AI-powered tools using reputable, stable, non-AI-based sources.","{id: ""1.4.B.4"", text: ""Output from AI-powered tools should be carefully evaluated. Verify information from AI-powered tools using reputable, stable, non-AI-based sources."", parent: ""1.4.B""},"
1.5.A,"Explain how cyber defenders can leverage AI-powered tools to protect networks, applications, and data.",1.5,"Explain how cyber defenders can leverage AI-powered tools to protect networks, applications, and data.","{id: ""1.5.A"", text: ""Explain how cyber defenders can leverage AI-powered tools to protect networks, applications, and data."", parent: ""1.5""},"
1.5.A.1,"AI tools can review current security configurations, like firewall rules and access controls, and recommend more secure options. Recommendations should always be checked by a knowledgeable security technician before being implemented.",1.5.A,"AI tools can review current security configurations, like firewall rules and access controls, and recommend more secure options. Recommendations should always be checked by a knowledgeable security technician before being implemented.","{id: ""1.5.A.1"", text: ""AI tools can review current security configurations, like firewall rules and access controls, and recommend more secure options. Recommendations should always be checked by a knowledgeable security technician before being implemented."", parent: ""1.5.A""},"
1.5.A.2,AI-powered tools can analyze application code to identify vulnerabilities and recommend mitigations. Recommendations should always be reviewed by a knowledgeable programmer before being implemented.,1.5.A,AI-powered tools can analyze application code to identify vulnerabilities and recommend mitigations. Recommendations should always be reviewed by a knowledgeable programmer before being implemented.,"{id: ""1.5.A.2"", text: ""AI-powered tools can analyze application code to identify vulnerabilities and recommend mitigations. Recommendations should always be reviewed by a knowledgeable programmer before being implemented."", parent: ""1.5.A""},"
1.5.A.3,AI-powered tools can suggest rules for automated detection systems. Detection rules should always be reviewed by a knowledgeable detection engineer before being added to a system.,1.5.A,AI-powered tools can suggest rules for automated detection systems. Detection rules should always be reviewed by a knowledgeable detection engineer before being added to a system.,"{id: ""1.5.A.3"", text: ""AI-powered tools can suggest rules for automated detection systems. Detection rules should always be reviewed by a knowledgeable detection engineer before being added to a system."", parent: ""1.5.A""},"
1.5.B,Explain how AI-powered tools are enabling faster and more accurate threat detection and response.,1.5,Explain how AI-powered tools are enabling faster and more accurate threat detection and response.,"{id: ""1.5.B"", text: ""Explain how AI-powered tools are enabling faster and more accurate threat detection and response."", parent: ""1.5""},"
1.5.B.1,"Of the millions of digital events that happen on networks daily, some likely represent an adversary conducting malicious activity. Humans cannot carefully examine all those events to identify the malicious activity.",1.5.B,"Of the millions of digital events that happen on networks daily, some likely represent an adversary conducting malicious activity. Humans cannot carefully examine all those events to identify the malicious activity.","{id: ""1.5.B.1"", text: ""Of the millions of digital events that happen on networks daily, some likely represent an adversary conducting malicious activity. Humans cannot carefully examine all those events to identify the malicious activity."", parent: ""1.5.B""},"
1.5.B.2,AI-powered tools can be trained to quickly analyze digital events and sort the events that are likely malicious activity from those that are harmless.,1.5.B,AI-powered tools can be trained to quickly analyze digital events and sort the events that are likely malicious activity from those that are harmless.,"{id: ""1.5.B.2"", text: ""AI-powered tools can be trained to quickly analyze digital events and sort the events that are likely malicious activity from those that are harmless."", parent: ""1.5.B""},"
1.5.B.3,AI-powered tools can be programmed to alert human cybersecurity personnel when likely malicious activity is detected or to take specific corrective actions based on the type of malicious activity detected.,1.5.B,AI-powered tools can be programmed to alert human cybersecurity personnel when likely malicious activity is detected or to take specific corrective actions based on the type of malicious activity detected.,"{id: ""1.5.B.3"", text: ""AI-powered tools can be programmed to alert human cybersecurity personnel when likely malicious activity is detected or to take specific corrective actions based on the type of malicious activity detected."", parent: ""1.5.B""},"
1.5.B.4,"AI-powered tools enable threat-detection and response teams to catch malicious activity and intervene quickly to prevent loss, harm, damage, and destruction to digital infrastructure and data.",1.5.B,"AI-powered tools enable threat-detection and response teams to catch malicious activity and intervene quickly to prevent loss, harm, damage, and destruction to digital infrastructure and data.","{id: ""1.5.B.4"", text: ""AI-powered tools enable threat-detection and response teams to catch malicious activity and intervene quickly to prevent loss, harm, damage, and destruction to digital infrastructure and data."", parent: ""1.5.B""},"
2.1.A,Identify social engineering attacks.,2.1,Identify social engineering attacks.,"{id: ""2.1.A"", text: ""Identify social engineering attacks."", parent: ""2.1""},"
2.1.A.1,Social engineers use psychological tactics to manipulate targets into taking a desired action.,2.1.A,Social engineers use psychological tactics to manipulate targets into taking a desired action.,"{id: ""2.1.A.1"", text: ""Social engineers use psychological tactics to manipulate targets into taking a desired action."", parent: ""2.1.A""},"
2.1.A.2,Pretexting is when adversaries create a believable reason to contact a target.,2.1.A,Pretexting is when adversaries create a believable reason to contact a target.,"{id: ""2.1.A.2"", text: ""Pretexting is when adversaries create a believable reason to contact a target."", parent: ""2.1.A""},"
2.1.A.3,Authority is when adversaries impersonate someone with power over a target or pretend to relay instructions from that person.,2.1.A,Authority is when adversaries impersonate someone with power over a target or pretend to relay instructions from that person.,"{id: ""2.1.A.3"", text: ""Authority is when adversaries impersonate someone with power over a target or pretend to relay instructions from that person."", parent: ""2.1.A""},"
2.1.A.4,Intimidation is when adversaries state negative consequences if demands aren't met.,2.1.A,Intimidation is when adversaries state negative consequences if demands aren't met.,"{id: ""2.1.A.4"", text: ""Intimidation is when adversaries state negative consequences if demands aren't met."", parent: ""2.1.A""},"
2.1.A.5,Consensus is when adversaries create social pressure by making a target believe everyone else is doing a desired action.,2.1.A,Consensus is when adversaries create social pressure by making a target believe everyone else is doing a desired action.,"{id: ""2.1.A.5"", text: ""Consensus is when adversaries create social pressure by making a target believe everyone else is doing a desired action."", parent: ""2.1.A""},"
2.1.A.6,Scarcity is when adversaries create a sense of limited availability.,2.1.A,Scarcity is when adversaries create a sense of limited availability.,"{id: ""2.1.A.6"", text: ""Scarcity is when adversaries create a sense of limited availability."", parent: ""2.1.A""},"
2.1.A.7,Familiarity is when adversaries pretend to be or know someone close to a target to establish trust.,2.1.A,Familiarity is when adversaries pretend to be or know someone close to a target to establish trust.,"{id: ""2.1.A.7"", text: ""Familiarity is when adversaries pretend to be or know someone close to a target to establish trust."", parent: ""2.1.A""},"
2.1.A.8,Urgency is when adversaries create a deadline that requires quick action by a target to avert negative consequences.,2.1.A,Urgency is when adversaries create a deadline that requires quick action by a target to avert negative consequences.,"{id: ""2.1.A.8"", text: ""Urgency is when adversaries create a deadline that requires quick action by a target to avert negative consequences."", parent: ""2.1.A""},"
2.1.B,Identify types of adversaries.,2.1,Identify types of adversaries.,"{id: ""2.1.B"", text: ""Identify types of adversaries."", parent: ""2.1""},"
2.1.B.1,Script kiddies are low-skilled adversaries who use tools developed by others without understanding how the tools work. They are often motivated by greed or a desire for recognition.,2.1.B,Script kiddies are low-skilled adversaries who use tools developed by others without understanding how the tools work. They are often motivated by greed or a desire for recognition.,"{id: ""2.1.B.1"", text: ""Script kiddies are low-skilled adversaries who use tools developed by others without understanding how the tools work. They are often motivated by greed or a desire for recognition."", parent: ""2.1.B""},"
2.1.B.2,"Hacktivists are motivated by social, political, or personal causes. They compromise computers and networks to support their cause or stop perceived harm, believing their goals justify their illegal methods.",2.1.B,"Hacktivists are motivated by social, political, or personal causes. They compromise computers and networks to support their cause or stop perceived harm, believing their goals justify their illegal methods.","{id: ""2.1.B.2"", text: ""Hacktivists are motivated by social, political, or personal causes. They compromise computers and networks to support their cause or stop perceived harm, believing their goals justify their illegal methods."", parent: ""2.1.B""},"
2.1.B.3,Insider adversaries are unique threats because they have legitimate credentials and access to systems and data. They can be recruited by malicious third parties and can be motivated by greed or revenge.,2.1.B,Insider adversaries are unique threats because they have legitimate credentials and access to systems and data. They can be recruited by malicious third parties and can be motivated by greed or revenge.,"{id: ""2.1.B.3"", text: ""Insider adversaries are unique threats because they have legitimate credentials and access to systems and data. They can be recruited by malicious third parties and can be motivated by greed or revenge."", parent: ""2.1.B""},"
2.1.B.4,"Cyberterrorists are motivated by politics or beliefs and seek to disrupt entire communities, regions, or nations through cyberattacks (e.g., attacking a power grid, water treatment plant, or other civil infrastructure). They can act independently or on behalf of governments or criminal organizations.",2.1.B,"Cyberterrorists are motivated by politics or beliefs and seek to disrupt entire communities, regions, or nations through cyberattacks (e.g., attacking a power grid, water treatment plant, or other civil infrastructure). They can act independently or on behalf of governments or criminal organizations.","{id: ""2.1.B.4"", text: ""Cyberterrorists are motivated by politics or beliefs and seek to disrupt entire communities, regions, or nations through cyberattacks (e.g., attacking a power grid, water treatment plant, or other civil infrastructure). They can act independently or on behalf of governments or criminal organizations."", parent: ""2.1.B""},"
2.1.B.5,Transnational criminal organizations seek financial gain primarily by deploying ransomware and stealing corporate intellectual property (IP) to sell in illegal markets.,2.1.B,Transnational criminal organizations seek financial gain primarily by deploying ransomware and stealing corporate intellectual property (IP) to sell in illegal markets.,"{id: ""2.1.B.5"", text: ""Transnational criminal organizations seek financial gain primarily by deploying ransomware and stealing corporate intellectual property (IP) to sell in illegal markets."", parent: ""2.1.B""},"
2.1.C,Describe the phases of a cyberattack.,2.1,Describe the phases of a cyberattack.,"{id: ""2.1.C"", text: ""Describe the phases of a cyberattack."", parent: ""2.1""},"
2.1.C.1,"Cyberattacks aim to disrupt, harm, steal, or destroy devices, networks, or data. Adversaries work in phases, which may not all be used in every attack. The phases are: i. Reconnaissance; ii. Initial access; iii. Persistence; iv. Lateral movement; v. Taking action; vi. Evading detection",2.1.C,"Cyberattacks aim to disrupt, harm, steal, or destroy devices, networks, or data. Adversaries work in phases, which may not all be used in every attack. The phases are: i. Reconnaissance; ii. Initial access; iii. Persistence; iv. Lateral movement; v. Taking action; vi. Evading detection","{id: ""2.1.C.1"", text: ""Cyberattacks aim to disrupt, harm, steal, or destroy devices, networks, or data. Adversaries work in phases, which may not all be used in every attack. The phases are: i. Reconnaissance; ii. Initial access; iii. Persistence; iv. Lateral movement; v. Taking action; vi. Evading detection"", parent: ""2.1.C""},"
2.1.C.2,"In the reconnaissance phase of an attack, adversaries gather as much information as possible about their target, often using open source intelligence (OSINT), which is freely available information.",2.1.C,"In the reconnaissance phase of an attack, adversaries gather as much information as possible about their target, often using open source intelligence (OSINT), which is freely available information.","{id: ""2.1.C.2"", text: ""In the reconnaissance phase of an attack, adversaries gather as much information as possible about their target, often using open source intelligence (OSINT), which is freely available information."", parent: ""2.1.C""},"
2.1.C.3,"In the initial-access phase of an attack, adversaries establish a foothold on the target's computer, often through social engineering or compromised or weak credentials.",2.1.C,"In the initial-access phase of an attack, adversaries establish a foothold on the target's computer, often through social engineering or compromised or weak credentials.","{id: ""2.1.C.3"", text: ""In the initial-access phase of an attack, adversaries establish a foothold on the target's computer, often through social engineering or compromised or weak credentials."", parent: ""2.1.C""},"
2.1.C.4,"After gaining access during an attack, adversaries establish persistence to maintain access without needing to regain it. They may use a command and control (C2) protocol to send commands to the device and receive output, often through malware like a remote access trojan (RAT) or rootkit.",2.1.C,"After gaining access during an attack, adversaries establish persistence to maintain access without needing to regain it. They may use a command and control (C2) protocol to send commands to the device and receive output, often through malware like a remote access trojan (RAT) or rootkit.","{id: ""2.1.C.4"", text: ""After gaining access during an attack, adversaries establish persistence to maintain access without needing to regain it. They may use a command and control (C2) protocol to send commands to the device and receive output, often through malware like a remote access trojan (RAT) or rootkit."", parent: ""2.1.C""},"
2.1.C.5,"In the lateral-movement phase of an attack, adversaries try to escalate their privileges by accessing computers and user accounts with elevated permissions to services and data.",2.1.C,"In the lateral-movement phase of an attack, adversaries try to escalate their privileges by accessing computers and user accounts with elevated permissions to services and data.","{id: ""2.1.C.5"", text: ""In the lateral-movement phase of an attack, adversaries try to escalate their privileges by accessing computers and user accounts with elevated permissions to services and data."", parent: ""2.1.C""},"
2.1.C.6,"In the taking-action phase of an attack, adversaries act on their objectives by collecting targeted data, exfiltrating it, and disrupting services or destroying data.",2.1.C,"In the taking-action phase of an attack, adversaries act on their objectives by collecting targeted data, exfiltrating it, and disrupting services or destroying data.","{id: ""2.1.C.6"", text: ""In the taking-action phase of an attack, adversaries act on their objectives by collecting targeted data, exfiltrating it, and disrupting services or destroying data."", parent: ""2.1.C""},"
2.1.C.7,"In the final phase of an attack, many adversaries try to evade detection by removing or editing log files and erasing other files they may have planted on devices (e.g., malware).",2.1.C,"In the final phase of an attack, many adversaries try to evade detection by removing or editing log files and erasing other files they may have planted on devices (e.g., malware).","{id: ""2.1.C.7"", text: ""In the final phase of an attack, many adversaries try to evade detection by removing or editing log files and erasing other files they may have planted on devices (e.g., malware)."", parent: ""2.1.C""},"
2.1.D,Describe the risk assessment process.,2.1,Describe the risk assessment process.,"{id: ""2.1.D"", text: ""Describe the risk assessment process."", parent: ""2.1""},"
2.1.D.1,Risk occurs when a threat can exploit a vulnerability to compromise an asset.,2.1.D,Risk occurs when a threat can exploit a vulnerability to compromise an asset.,"{id: ""2.1.D.1"", text: ""Risk occurs when a threat can exploit a vulnerability to compromise an asset."", parent: ""2.1.D""},"
2.1.D.2,"An asset is anything valuable. Assets include financial resources, intellectual property, data, digital infrastructure, physical property, and reputation.",2.1.D,"An asset is anything valuable. Assets include financial resources, intellectual property, data, digital infrastructure, physical property, and reputation.","{id: ""2.1.D.2"", text: ""An asset is anything valuable. Assets include financial resources, intellectual property, data, digital infrastructure, physical property, and reputation."", parent: ""2.1.D""},"
2.1.D.3,Risk assessment considers two factors: • The likelihood of an attack against a specific vulnerability • The severity of the projected damage from an attack against a specific vulnerability,2.1.D,Risk assessment considers two factors: • The likelihood of an attack against a specific vulnerability • The severity of the projected damage from an attack against a specific vulnerability,"{id: ""2.1.D.3"", text: ""Risk assessment considers two factors: • The likelihood of an attack against a specific vulnerability • The severity of the projected damage from an attack against a specific vulnerability"", parent: ""2.1.D""},"
2.1.D.4,"The likelihood of a vulnerability being exploited depends on many factors, including: • The value of the target: Adversaries are more likely to attack targets they perceive as valuable. • The level of skill required to exploit the vulnerability (i.e., the difficulty): Vulnerabilities with well-documented exploits often require less skill and can be carried out by more adversaries. • The motivation and capabilities of likely adversaries: Highly motivated and skilled adversaries are more likely to be able to perform more complex exploits.",2.1.D,"The likelihood of a vulnerability being exploited depends on many factors, including: • The value of the target: Adversaries are more likely to attack targets they perceive as valuable. • The level of skill required to exploit the vulnerability (i.e., the difficulty): Vulnerabilities with well-documented exploits often require less skill and can be carried out by more adversaries. • The motivation and capabilities of likely adversaries: Highly motivated and skilled adversaries are more likely to be able to perform more complex exploits.","{id: ""2.1.D.4"", text: ""The likelihood of a vulnerability being exploited depends on many factors, including: • The value of the target: Adversaries are more likely to attack targets they perceive as valuable. • The level of skill required to exploit the vulnerability (i.e., the difficulty): Vulnerabilities with well-documented exploits often require less skill and can be carried out by more adversaries. • The motivation and capabilities of likely adversaries: Highly motivated and skilled adversaries are more likely to be able to perform more complex exploits."", parent: ""2.1.D""},"
2.1.D.5,"The severity of an attack is often measured by financial cost, which can also include reputational and operational impacts.",2.1.D,"The severity of an attack is often measured by financial cost, which can also include reputational and operational impacts.","{id: ""2.1.D.5"", text: ""The severity of an attack is often measured by financial cost, which can also include reputational and operational impacts."", parent: ""2.1.D""},"
2.1.D.6,"The result of a risk assessment can be quantitative or qualitative. • Quantitative risk assessment assigns a numeric value to a vulnerability based on a numeric scale (e.g., 1 - 10) or quantifiable impact, which could be financial (e.g., a $10,000 annual risk). • Qualitative risk analysis uses descriptive terms such as low, medium, and high to indicate the severity of the risk.",2.1.D,"The result of a risk assessment can be quantitative or qualitative. • Quantitative risk assessment assigns a numeric value to a vulnerability based on a numeric scale (e.g., 1 - 10) or quantifiable impact, which could be financial (e.g., a $10,000 annual risk). • Qualitative risk analysis uses descriptive terms such as low, medium, and high to indicate the severity of the risk.","{id: ""2.1.D.6"", text: ""The result of a risk assessment can be quantitative or qualitative. • Quantitative risk assessment assigns a numeric value to a vulnerability based on a numeric scale (e.g., 1 - 10) or quantifiable impact, which could be financial (e.g., a $10,000 annual risk). • Qualitative risk analysis uses descriptive terms such as low, medium, and high to indicate the severity of the risk."", parent: ""2.1.D""},"
2.1.D.7,"Risk assessment documentation should include: • Vulnerable assets and their value • Descriptions of likely threats to the assets • Details of specific vulnerabilities for specific assets and how they would be exploited • An explanation of the severity of damage (financial, operational, reputational, etc.) if a specific asset were compromised, and the likelihood of that compromise occurring • A final rating, quantitative or qualitative, for each risk identified",2.1.D,"Risk assessment documentation should include: • Vulnerable assets and their value • Descriptions of likely threats to the assets • Details of specific vulnerabilities for specific assets and how they would be exploited • An explanation of the severity of damage (financial, operational, reputational, etc.) if a specific asset were compromised, and the likelihood of that compromise occurring • A final rating, quantitative or qualitative, for each risk identified","{id: ""2.1.D.7"", text: ""Risk assessment documentation should include: • Vulnerable assets and their value • Descriptions of likely threats to the assets • Details of specific vulnerabilities for specific assets and how they would be exploited • An explanation of the severity of damage (financial, operational, reputational, etc.) if a specific asset were compromised, and the likelihood of that compromise occurring • A final rating, quantitative or qualitative, for each risk identified"", parent: ""2.1.D""},"
2.1.E,Identify strategies for managing risk.,2.1,Identify strategies for managing risk.,"{id: ""2.1.E"", text: ""Identify strategies for managing risk."", parent: ""2.1""},"
2.1.E.1,"Once a risk has been identified and assessed, an organization has four options for managing that risk: i. Avoid; ii. Transfer; iii. Mitigate; iv. Accept",2.1.E,"Once a risk has been identified and assessed, an organization has four options for managing that risk: i. Avoid; ii. Transfer; iii. Mitigate; iv. Accept","{id: ""2.1.E.1"", text: ""Once a risk has been identified and assessed, an organization has four options for managing that risk: i. Avoid; ii. Transfer; iii. Mitigate; iv. Accept"", parent: ""2.1.E""},"
2.1.E.2,"Risk avoidance stops the activity that is generating the risk. If the activity is a critical part of an organization's mission or purpose, then avoidance is not possible.",2.1.E,"Risk avoidance stops the activity that is generating the risk. If the activity is a critical part of an organization's mission or purpose, then avoidance is not possible.","{id: ""2.1.E.2"", text: ""Risk avoidance stops the activity that is generating the risk. If the activity is a critical part of an organization's mission or purpose, then avoidance is not possible."", parent: ""2.1.E""},"
2.1.E.3,"Risk transference places the burden of the risk on another entity, such as an insurance company, a government, or consumers.",2.1.E,"Risk transference places the burden of the risk on another entity, such as an insurance company, a government, or consumers.","{id: ""2.1.E.3"", text: ""Risk transference places the burden of the risk on another entity, such as an insurance company, a government, or consumers."", parent: ""2.1.E""},"
2.1.E.4,Risk mitigation implements security controls to reduce the likelihood or impact of a risk.,2.1.E,Risk mitigation implements security controls to reduce the likelihood or impact of a risk.,"{id: ""2.1.E.4"", text: ""Risk mitigation implements security controls to reduce the likelihood or impact of a risk."", parent: ""2.1.E""},"
2.1.E.5,"Residual risk is the risk that remains after an organization has gone through avoidance, transference, and mitigation. The residual risk is the level of risk that an organization is willing to accept. Risk acceptance acknowledges the fact that absolute security is unattainable.",2.1.E,"Residual risk is the risk that remains after an organization has gone through avoidance, transference, and mitigation. The residual risk is the level of risk that an organization is willing to accept. Risk acceptance acknowledges the fact that absolute security is unattainable.","{id: ""2.1.E.5"", text: ""Residual risk is the risk that remains after an organization has gone through avoidance, transference, and mitigation. The residual risk is the level of risk that an organization is willing to accept. Risk acceptance acknowledges the fact that absolute security is unattainable."", parent: ""2.1.E""},"
2.1.E.6,"To conserve financial resources and employee capacity, an organization will often favor solutions that are cost effective and easy to implement and maintain. Costeffective solutions cost less to install and maintain than the expected loss from an attack.",2.1.E,"To conserve financial resources and employee capacity, an organization will often favor solutions that are cost effective and easy to implement and maintain. Costeffective solutions cost less to install and maintain than the expected loss from an attack.","{id: ""2.1.E.6"", text: ""To conserve financial resources and employee capacity, an organization will often favor solutions that are cost effective and easy to implement and maintain. Costeffective solutions cost less to install and maintain than the expected loss from an attack."", parent: ""2.1.E""},"
2.1.F,Identify types of security controls.,2.1,Identify types of security controls.,"{id: ""2.1.F"", text: ""Identify types of security controls."", parent: ""2.1""},"
2.1.F.1,"Security controls address at least one of the following principles: • Confidentiality ensures that only authorized individuals, systems, or processes can access data. Systems lacking confidentiality are vulnerable to data theft or destruction. • Integrity ensures data are accurate and trustworthy. Systems lacking integrity are vulnerable to data manipulation. • Availability ensures data and services are accessible to authorized individuals when needed. Systems lacking availability may experience unexpected downtime.",2.1.F,"Security controls address at least one of the following principles: • Confidentiality ensures that only authorized individuals, systems, or processes can access data. Systems lacking confidentiality are vulnerable to data theft or destruction. • Integrity ensures data are accurate and trustworthy. Systems lacking integrity are vulnerable to data manipulation. • Availability ensures data and services are accessible to authorized individuals when needed. Systems lacking availability may experience unexpected downtime.","{id: ""2.1.F.1"", text: ""Security controls address at least one of the following principles: • Confidentiality ensures that only authorized individuals, systems, or processes can access data. Systems lacking confidentiality are vulnerable to data theft or destruction. • Integrity ensures data are accurate and trustworthy. Systems lacking integrity are vulnerable to data manipulation. • Availability ensures data and services are accessible to authorized individuals when needed. Systems lacking availability may experience unexpected downtime."", parent: ""2.1.F""},"
2.1.F.2,"Security controls can be classified by type. • Physical controls provide security in the physical space and include locks, fences, and cameras, bollards, and security guards. • Technical controls provide security in the digital space and include firewalls, anti-malware software, and encryption. • Managerial controls provide rules, guidelines, policies, and procedures that specify what security should be in place and include password policies, regular access reviews, and incident response plans (IRPs).",2.1.F,"Security controls can be classified by type. • Physical controls provide security in the physical space and include locks, fences, and cameras, bollards, and security guards. • Technical controls provide security in the digital space and include firewalls, anti-malware software, and encryption. • Managerial controls provide rules, guidelines, policies, and procedures that specify what security should be in place and include password policies, regular access reviews, and incident response plans (IRPs).","{id: ""2.1.F.2"", text: ""Security controls can be classified by type. • Physical controls provide security in the physical space and include locks, fences, and cameras, bollards, and security guards. • Technical controls provide security in the digital space and include firewalls, anti-malware software, and encryption. • Managerial controls provide rules, guidelines, policies, and procedures that specify what security should be in place and include password policies, regular access reviews, and incident response plans (IRPs)."", parent: ""2.1.F""},"
2.1.F.3,"Security controls can be classified by function. • Preventative controls address potential vulnerabilities with the goal of stopping an adversary from attacking and include locks and encryption. • Detective controls help identify attacks when they occur and include intrusion detection systems (IDSs), cameras, and security incident and event management (SIEM) systems. • Corrective controls fix problems and help restore systems to an operational state and include vulnerability patching, repairing a broken card reader, and intrusion prevention systems (IPSs).",2.1.F,"Security controls can be classified by function. • Preventative controls address potential vulnerabilities with the goal of stopping an adversary from attacking and include locks and encryption. • Detective controls help identify attacks when they occur and include intrusion detection systems (IDSs), cameras, and security incident and event management (SIEM) systems. • Corrective controls fix problems and help restore systems to an operational state and include vulnerability patching, repairing a broken card reader, and intrusion prevention systems (IPSs).","{id: ""2.1.F.3"", text: ""Security controls can be classified by function. • Preventative controls address potential vulnerabilities with the goal of stopping an adversary from attacking and include locks and encryption. • Detective controls help identify attacks when they occur and include intrusion detection systems (IDSs), cameras, and security incident and event management (SIEM) systems. • Corrective controls fix problems and help restore systems to an operational state and include vulnerability patching, repairing a broken card reader, and intrusion prevention systems (IPSs)."", parent: ""2.1.F""},"
2.1.G,Explain why a defense-in-depth security strategy is necessary to optimally protect an organization.,2.1,Explain why a defense-in-depth security strategy is necessary to optimally protect an organization.,"{id: ""2.1.G"", text: ""Explain why a defense-in-depth security strategy is necessary to optimally protect an organization."", parent: ""2.1""},"
2.1.G.1,"A defense-in-depth strategy, or layered defense, uses multiple types of security controls to protect sensitive data and systems.",2.1.G,"A defense-in-depth strategy, or layered defense, uses multiple types of security controls to protect sensitive data and systems.","{id: ""2.1.G.1"", text: ""A defense-in-depth strategy, or layered defense, uses multiple types of security controls to protect sensitive data and systems."", parent: ""2.1.G""},"
2.1.G.2,"A defense-in-depth strategy allows an organization to address different types of threats, each with a security control most suited to mitigate it.",2.1.G,"A defense-in-depth strategy allows an organization to address different types of threats, each with a security control most suited to mitigate it.","{id: ""2.1.G.2"", text: ""A defense-in-depth strategy allows an organization to address different types of threats, each with a security control most suited to mitigate it."", parent: ""2.1.G""},"
2.1.G.3,"A defense-in-depth strategy allows for resilience in data protection so when one security control is bypassed by an adversary, another security control may still prevent access to the data or system or limit the damage done to the data or system.",2.1.G,"A defense-in-depth strategy allows for resilience in data protection so when one security control is bypassed by an adversary, another security control may still prevent access to the data or system or limit the damage done to the data or system.","{id: ""2.1.G.3"", text: ""A defense-in-depth strategy allows for resilience in data protection so when one security control is bypassed by an adversary, another security control may still prevent access to the data or system or limit the damage done to the data or system."", parent: ""2.1.G""},"
2.1.G.4,"Layers in a defense-in-depth strategy can include human, physical, network, device, application, and data.",2.1.G,"Layers in a defense-in-depth strategy can include human, physical, network, device, application, and data.","{id: ""2.1.G.4"", text: ""Layers in a defense-in-depth strategy can include human, physical, network, device, application, and data."", parent: ""2.1.G""},"
2.2.A,Identify common physical attacks.,2.2,Identify common physical attacks.,"{id: ""2.2.A"", text: ""Identify common physical attacks."", parent: ""2.2""},"
2.2.A.1,Adversaries often use social engineering when conducting a physical attack.,2.2.A,Adversaries often use social engineering when conducting a physical attack.,"{id: ""2.2.A.1"", text: ""Adversaries often use social engineering when conducting a physical attack."", parent: ""2.2.A""},"
2.2.A.2,"Piggybacking is the name for an attack where an adversary uses social engineering to manipulate an authorized individual to grant the adversary access to a restricted area. Common piggybacking tactics include carrying something large to entice an authorized person to hold the door open, pretending to be an authorized person who has forgotten their access token, or pretending to be a maintenance person who needs to get into a certain area to perform an inspection or repair.",2.2.A,"Piggybacking is the name for an attack where an adversary uses social engineering to manipulate an authorized individual to grant the adversary access to a restricted area. Common piggybacking tactics include carrying something large to entice an authorized person to hold the door open, pretending to be an authorized person who has forgotten their access token, or pretending to be a maintenance person who needs to get into a certain area to perform an inspection or repair.","{id: ""2.2.A.2"", text: ""Piggybacking is the name for an attack where an adversary uses social engineering to manipulate an authorized individual to grant the adversary access to a restricted area. Common piggybacking tactics include carrying something large to entice an authorized person to hold the door open, pretending to be an authorized person who has forgotten their access token, or pretending to be a maintenance person who needs to get into a certain area to perform an inspection or repair."", parent: ""2.2.A""},"
2.2.A.3,Tailgating is the name for an attack where an adversary gains unauthorized access to a restricted area by following close behind an authorized individual without that individual's awareness or knowledge.,2.2.A,Tailgating is the name for an attack where an adversary gains unauthorized access to a restricted area by following close behind an authorized individual without that individual's awareness or knowledge.,"{id: ""2.2.A.3"", text: ""Tailgating is the name for an attack where an adversary gains unauthorized access to a restricted area by following close behind an authorized individual without that individual's awareness or knowledge."", parent: ""2.2.A""},"
2.2.A.4,Shoulder surfing is the name for an attack where an adversary watches as a user accesses sensitive information so the adversary can use it later. Sometimes adversaries use a camera to record the target accessing the sensitive information for later analysis.,2.2.A,Shoulder surfing is the name for an attack where an adversary watches as a user accesses sensitive information so the adversary can use it later. Sometimes adversaries use a camera to record the target accessing the sensitive information for later analysis.,"{id: ""2.2.A.4"", text: ""Shoulder surfing is the name for an attack where an adversary watches as a user accesses sensitive information so the adversary can use it later. Sometimes adversaries use a camera to record the target accessing the sensitive information for later analysis."", parent: ""2.2.A""},"
2.2.A.5,Dumpster diving is the name for an attack where an adversary goes through a target's physical trash to look for information that could be used to help the adversary reach their goal.,2.2.A,Dumpster diving is the name for an attack where an adversary goes through a target's physical trash to look for information that could be used to help the adversary reach their goal.,"{id: ""2.2.A.5"", text: ""Dumpster diving is the name for an attack where an adversary goes through a target's physical trash to look for information that could be used to help the adversary reach their goal."", parent: ""2.2.A""},"
2.2.A.6,Card cloning is the name for an attack where an adversary makes a copy of an authorized user's access card so they can gain access to all the resources the user is authorized to access.,2.2.A,Card cloning is the name for an attack where an adversary makes a copy of an authorized user's access card so they can gain access to all the resources the user is authorized to access.,"{id: ""2.2.A.6"", text: ""Card cloning is the name for an attack where an adversary makes a copy of an authorized user's access card so they can gain access to all the resources the user is authorized to access."", parent: ""2.2.A""},"
2.2.B,"Explain how threats can exploit common physical vulnerabilities to cause loss, damage, disruption, or destruction to assets.",2.2,"Explain how threats can exploit common physical vulnerabilities to cause loss, damage, disruption, or destruction to assets.","{id: ""2.2.B"", text: ""Explain how threats can exploit common physical vulnerabilities to cause loss, damage, disruption, or destruction to assets."", parent: ""2.2""},"
2.2.B.1,Threats include human adversaries seeking to cause harm or disruption as well as natural disasters. Natural disasters can cause physical damage or destruction to computers and data as well as disruption of digital services provided by computers.,2.2.B,Threats include human adversaries seeking to cause harm or disruption as well as natural disasters. Natural disasters can cause physical damage or destruction to computers and data as well as disruption of digital services provided by computers.,"{id: ""2.2.B.1"", text: ""Threats include human adversaries seeking to cause harm or disruption as well as natural disasters. Natural disasters can cause physical damage or destruction to computers and data as well as disruption of digital services provided by computers."", parent: ""2.2.B""},"
2.2.B.2,Vulnerabilities are weaknesses or flaws that could allow an asset to be compromised. Common compromises include: • Unauthorized access to sensitive data or restricted physical spaces • Disruption of services • Theft or destruction of digital or physical resources • Unauthorized modification of data,2.2.B,Vulnerabilities are weaknesses or flaws that could allow an asset to be compromised. Common compromises include: • Unauthorized access to sensitive data or restricted physical spaces • Disruption of services • Theft or destruction of digital or physical resources • Unauthorized modification of data,"{id: ""2.2.B.2"", text: ""Vulnerabilities are weaknesses or flaws that could allow an asset to be compromised. Common compromises include: • Unauthorized access to sensitive data or restricted physical spaces • Disruption of services • Theft or destruction of digital or physical resources • Unauthorized modification of data"", parent: ""2.2.B""},"
2.2.B.3,"When adversaries disrupt power to a device, the device and any services it provides become unavailable. To disrupt power, adversaries may damage fuses or breakers in an electrical box, unplug or cut electrical wiring, or damage power distribution systems like substations and transformers.",2.2.B,"When adversaries disrupt power to a device, the device and any services it provides become unavailable. To disrupt power, adversaries may damage fuses or breakers in an electrical box, unplug or cut electrical wiring, or damage power distribution systems like substations and transformers.","{id: ""2.2.B.3"", text: ""When adversaries disrupt power to a device, the device and any services it provides become unavailable. To disrupt power, adversaries may damage fuses or breakers in an electrical box, unplug or cut electrical wiring, or damage power distribution systems like substations and transformers."", parent: ""2.2.B""},"
2.2.B.4,"When adversaries gain access to an area with sensitive information, they can steal or copy sensitive information.",2.2.B,"When adversaries gain access to an area with sensitive information, they can steal or copy sensitive information.","{id: ""2.2.B.4"", text: ""When adversaries gain access to an area with sensitive information, they can steal or copy sensitive information."", parent: ""2.2.B""},"
2.2.B.5,"When adversaries gain physical access to a device and its ports, they can plug in a keylogger or external drive containing malware, which could allow them to collect data from a user or possibly even to gain control of the device. With direct physical access adversaries can also physically destroy a device, making the device itself, any data stored on it, and any services it provides unavailable.",2.2.B,"When adversaries gain physical access to a device and its ports, they can plug in a keylogger or external drive containing malware, which could allow them to collect data from a user or possibly even to gain control of the device. With direct physical access adversaries can also physically destroy a device, making the device itself, any data stored on it, and any services it provides unavailable.","{id: ""2.2.B.5"", text: ""When adversaries gain physical access to a device and its ports, they can plug in a keylogger or external drive containing malware, which could allow them to collect data from a user or possibly even to gain control of the device. With direct physical access adversaries can also physically destroy a device, making the device itself, any data stored on it, and any services it provides unavailable."", parent: ""2.2.B""},"
2.2.C,Assess and document risks from physical vulnerabilities.,2.2,Assess and document risks from physical vulnerabilities.,"{id: ""2.2.C"", text: ""Assess and document risks from physical vulnerabilities."", parent: ""2.2""},"
2.2.C.1,Physical access to devices can allow adversaries to bypass many technical controls and layers of security.,2.2.C,Physical access to devices can allow adversaries to bypass many technical controls and layers of security.,"{id: ""2.2.C.1"", text: ""Physical access to devices can allow adversaries to bypass many technical controls and layers of security."", parent: ""2.2.C""},"
2.2.C.2,High risks from physical vulnerabilities arise when sensitive information or systems are exposed in physical spaces without sufficiently restricted and controlled access.,2.2.C,High risks from physical vulnerabilities arise when sensitive information or systems are exposed in physical spaces without sufficiently restricted and controlled access.,"{id: ""2.2.C.2"", text: ""High risks from physical vulnerabilities arise when sensitive information or systems are exposed in physical spaces without sufficiently restricted and controlled access."", parent: ""2.2.C""},"
2.2.C.3,Moderate risks from physical vulnerabilities arise when a noncritical or nonsensitive part of an organization is left unprotected in a way that it could act as a foothold for an adversary to gain initial access to other resources.,2.2.C,Moderate risks from physical vulnerabilities arise when a noncritical or nonsensitive part of an organization is left unprotected in a way that it could act as a foothold for an adversary to gain initial access to other resources.,"{id: ""2.2.C.3"", text: ""Moderate risks from physical vulnerabilities arise when a noncritical or nonsensitive part of an organization is left unprotected in a way that it could act as a foothold for an adversary to gain initial access to other resources."", parent: ""2.2.C""},"
2.2.C.4,Low risks from physical vulnerabilities arise when a vulnerable asset is of low value and the vulnerability is unlikely to be exploited.,2.2.C,Low risks from physical vulnerabilities arise when a vulnerable asset is of low value and the vulnerability is unlikely to be exploited.,"{id: ""2.2.C.4"", text: ""Low risks from physical vulnerabilities arise when a vulnerable asset is of low value and the vulnerability is unlikely to be exploited."", parent: ""2.2.C""},"
2.3.A,Identify managerial controls related to physical security.,2.3,Identify managerial controls related to physical security.,"{id: ""2.3.A"", text: ""Identify managerial controls related to physical security."", parent: ""2.3""},"
2.3.A.1,Organizations should conduct employee security awareness training to educate employees about how they can contribute to the organization's security by: • Detecting social engineering attempts like phishing • Not badging other people into restricted areas • Preventing device theft,2.3.A,Organizations should conduct employee security awareness training to educate employees about how they can contribute to the organization's security by: • Detecting social engineering attempts like phishing • Not badging other people into restricted areas • Preventing device theft,"{id: ""2.3.A.1"", text: ""Organizations should conduct employee security awareness training to educate employees about how they can contribute to the organization's security by: • Detecting social engineering attempts like phishing • Not badging other people into restricted areas • Preventing device theft"", parent: ""2.3.A""},"
2.3.A.2,Organizations should have a workstation security policy that outlines the measures necessary to protect a physical workplace. The policy may have tiers of workstation security based on the type of data handled at a workstation. Workstation policies often require: • Locking devices before leaving workstations unattended to prevent unauthorized access • Clearing sensitive documents off workstations before leaving them unattended (sometimes called a clean desk policy) • Using a privacy screen filter or other physical barrier to prevent others from viewing information on the screen • Connecting devices to surge protectors or uninterruptible power supplies (UPS),2.3.A,Organizations should have a workstation security policy that outlines the measures necessary to protect a physical workplace. The policy may have tiers of workstation security based on the type of data handled at a workstation. Workstation policies often require: • Locking devices before leaving workstations unattended to prevent unauthorized access • Clearing sensitive documents off workstations before leaving them unattended (sometimes called a clean desk policy) • Using a privacy screen filter or other physical barrier to prevent others from viewing information on the screen • Connecting devices to surge protectors or uninterruptible power supplies (UPS),"{id: ""2.3.A.2"", text: ""Organizations should have a workstation security policy that outlines the measures necessary to protect a physical workplace. The policy may have tiers of workstation security based on the type of data handled at a workstation. Workstation policies often require: • Locking devices before leaving workstations unattended to prevent unauthorized access • Clearing sensitive documents off workstations before leaving them unattended (sometimes called a clean desk policy) • Using a privacy screen filter or other physical barrier to prevent others from viewing information on the screen • Connecting devices to surge protectors or uninterruptible power supplies (UPS)"", parent: ""2.3.A""},"
2.3.B,Determine mitigation strategies for risks from physical vulnerabilities.,2.3,Determine mitigation strategies for risks from physical vulnerabilities.,"{id: ""2.3.B"", text: ""Determine mitigation strategies for risks from physical vulnerabilities."", parent: ""2.3""},"
2.3.B.1,"To determine a relevant control, a cyber defender considers how an adversary could take advantage of a vulnerability to attack a system and how to prevent, detect, or correct the attack.",2.3.B,"To determine a relevant control, a cyber defender considers how an adversary could take advantage of a vulnerability to attack a system and how to prevent, detect, or correct the attack.","{id: ""2.3.B.1"", text: ""To determine a relevant control, a cyber defender considers how an adversary could take advantage of a vulnerability to attack a system and how to prevent, detect, or correct the attack."", parent: ""2.3.B""},"
2.3.B.2,"Installing physical controls like fencing, gates, and bollards around a building can deter adversaries from trying to physically access an organization's buildings.",2.3.B,"Installing physical controls like fencing, gates, and bollards around a building can deter adversaries from trying to physically access an organization's buildings.","{id: ""2.3.B.2"", text: ""Installing physical controls like fencing, gates, and bollards around a building can deter adversaries from trying to physically access an organization's buildings."", parent: ""2.3.B""},"
2.3.B.3,"Locks on doors, server cabinets, and computers can prevent devices from being accessed or stolen.",2.3.B,"Locks on doors, server cabinets, and computers can prevent devices from being accessed or stolen.","{id: ""2.3.B.3"", text: ""Locks on doors, server cabinets, and computers can prevent devices from being accessed or stolen."", parent: ""2.3.B""},"
2.3.B.4,Card readers can record which employee badges are being used to access different entries at specific times and deny access to unauthorized badges.,2.3.B,Card readers can record which employee badges are being used to access different entries at specific times and deny access to unauthorized badges.,"{id: ""2.3.B.4"", text: ""Card readers can record which employee badges are being used to access different entries at specific times and deny access to unauthorized badges."", parent: ""2.3.B""},"
2.3.B.5,Access control vestibules and turnstiles can prevent an authorized person from intentionally or accidentally admitting an unauthorized person into a restricted area.,2.3.B,Access control vestibules and turnstiles can prevent an authorized person from intentionally or accidentally admitting an unauthorized person into a restricted area.,"{id: ""2.3.B.5"", text: ""Access control vestibules and turnstiles can prevent an authorized person from intentionally or accidentally admitting an unauthorized person into a restricted area."", parent: ""2.3.B""},"
2.3.B.6,Organizations can disable USB ports to prevent external drives from loading malware onto a computer.,2.3.B,Organizations can disable USB ports to prevent external drives from loading malware onto a computer.,"{id: ""2.3.B.6"", text: ""Organizations can disable USB ports to prevent external drives from loading malware onto a computer."", parent: ""2.3.B""},"
2.3.B.7,An uninterruptible power supply (UPS) provides a backup power source for a device in the event of a power outage. Organizations can also use power generators to provide power at a larger scale to a building or set of critical devices.,2.3.B,An uninterruptible power supply (UPS) provides a backup power source for a device in the event of a power outage. Organizations can also use power generators to provide power at a larger scale to a building or set of critical devices.,"{id: ""2.3.B.7"", text: ""An uninterruptible power supply (UPS) provides a backup power source for a device in the event of a power outage. Organizations can also use power generators to provide power at a larger scale to a building or set of critical devices."", parent: ""2.3.B""},"
2.3.B.8,Organizations prioritize risk mitigations based on the severity of the risks and the cost of the recommended mitigations.,2.3.B,Organizations prioritize risk mitigations based on the severity of the risks and the cost of the recommended mitigations.,"{id: ""2.3.B.8"", text: ""Organizations prioritize risk mitigations based on the severity of the risks and the cost of the recommended mitigations."", parent: ""2.3.B""},"
2.4.A,Identify ways security controls can detect physical attacks.,2.4,Identify ways security controls can detect physical attacks.,"{id: ""2.4.A"", text: ""Identify ways security controls can detect physical attacks."", parent: ""2.4""},"
2.4.A.1,Cameras can capture a visual record of an adversary's malicious activity. The feed from a camera should be recorded and monitored for maximum effect. Recordings can be especially helpful in after-incident investigations.,2.4.A,Cameras can capture a visual record of an adversary's malicious activity. The feed from a camera should be recorded and monitored for maximum effect. Recordings can be especially helpful in after-incident investigations.,"{id: ""2.4.A.1"", text: ""Cameras can capture a visual record of an adversary's malicious activity. The feed from a camera should be recorded and monitored for maximum effect. Recordings can be especially helpful in after-incident investigations."", parent: ""2.4.A""},"
2.4.A.2,Security guards can monitor activity in an area and respond to suspicious activity once detected.,2.4.A,Security guards can monitor activity in an area and respond to suspicious activity once detected.,"{id: ""2.4.A.2"", text: ""Security guards can monitor activity in an area and respond to suspicious activity once detected."", parent: ""2.4.A""},"
2.4.A.3,Motion sensors can alert security to movement in an area.,2.4.A,Motion sensors can alert security to movement in an area.,"{id: ""2.4.A.3"", text: ""Motion sensors can alert security to movement in an area."", parent: ""2.4.A""},"
2.4.A.4,Employees that work in a physical space are often the first to notice the presence of an unauthorized person and can alert security.,2.4.A,Employees that work in a physical space are often the first to notice the presence of an unauthorized person and can alert security.,"{id: ""2.4.A.4"", text: ""Employees that work in a physical space are often the first to notice the presence of an unauthorized person and can alert security."", parent: ""2.4.A""},"
2.4.B,Determine effective placement of security controls for detecting physical attacks.,2.4,Determine effective placement of security controls for detecting physical attacks.,"{id: ""2.4.B"", text: ""Determine effective placement of security controls for detecting physical attacks."", parent: ""2.4""},"
2.4.B.1,"When placing cameras, consideration should be given to visual coverage, angle, and the ability to be tampered with by an adversary. Consideration should also be given to what a camera in a specific area could capture an adversary doing and how that information would be helpful. Points of ingress and egress are often monitored by camera.",2.4.B,"When placing cameras, consideration should be given to visual coverage, angle, and the ability to be tampered with by an adversary. Consideration should also be given to what a camera in a specific area could capture an adversary doing and how that information would be helpful. Points of ingress and egress are often monitored by camera.","{id: ""2.4.B.1"", text: ""When placing cameras, consideration should be given to visual coverage, angle, and the ability to be tampered with by an adversary. Consideration should also be given to what a camera in a specific area could capture an adversary doing and how that information would be helpful. Points of ingress and egress are often monitored by camera."", parent: ""2.4.B""},"
2.4.B.2,"Motion sensors should be placed in areas where traffic is unexpected, like server rooms, or areas where sensitive materials are stored and few people have access. Motion sensors in high-traffic areas create many false alarms, making the alarms less likely to be taken seriously when there is a real security event.",2.4.B,"Motion sensors should be placed in areas where traffic is unexpected, like server rooms, or areas where sensitive materials are stored and few people have access. Motion sensors in high-traffic areas create many false alarms, making the alarms less likely to be taken seriously when there is a real security event.","{id: ""2.4.B.2"", text: ""Motion sensors should be placed in areas where traffic is unexpected, like server rooms, or areas where sensitive materials are stored and few people have access. Motion sensors in high-traffic areas create many false alarms, making the alarms less likely to be taken seriously when there is a real security event."", parent: ""2.4.B""},"
2.4.B.3,"Locks should be placed on all entries to areas containing sensitive information or systems. For areas with particularly sensitive information or systems, an organization could use an access control vestibule at the entry point to prevent piggybacking or tailgating.",2.4.B,"Locks should be placed on all entries to areas containing sensitive information or systems. For areas with particularly sensitive information or systems, an organization could use an access control vestibule at the entry point to prevent piggybacking or tailgating.","{id: ""2.4.B.3"", text: ""Locks should be placed on all entries to areas containing sensitive information or systems. For areas with particularly sensitive information or systems, an organization could use an access control vestibule at the entry point to prevent piggybacking or tailgating."", parent: ""2.4.B""},"
2.4.B.4,"Security guards can be stationary or patrolling. Stationary guards can provide constant protection for a specific area, entrance, or high-value item. Patrolling guards are more difficult for an adversary to plan around and can create time pressure for an adversary. Placing stationary guards at places that funnel traffic (e.g., entry gates, main entrances or lobbies, and entrances to more secure access areas) can be highly effective, while patrolling guards are better suited for perimeters and exterior areas.",2.4.B,"Security guards can be stationary or patrolling. Stationary guards can provide constant protection for a specific area, entrance, or high-value item. Patrolling guards are more difficult for an adversary to plan around and can create time pressure for an adversary. Placing stationary guards at places that funnel traffic (e.g., entry gates, main entrances or lobbies, and entrances to more secure access areas) can be highly effective, while patrolling guards are better suited for perimeters and exterior areas.","{id: ""2.4.B.4"", text: ""Security guards can be stationary or patrolling. Stationary guards can provide constant protection for a specific area, entrance, or high-value item. Patrolling guards are more difficult for an adversary to plan around and can create time pressure for an adversary. Placing stationary guards at places that funnel traffic (e.g., entry gates, main entrances or lobbies, and entrances to more secure access areas) can be highly effective, while patrolling guards are better suited for perimeters and exterior areas."", parent: ""2.4.B""},"
2.4.C,Apply detection techniques to identify physical attacks.,2.4,Apply detection techniques to identify physical attacks.,"{id: ""2.4.C"", text: ""Apply detection techniques to identify physical attacks."", parent: ""2.4""},"
2.4.C.1,"Cameras provide visual monitoring and a visual record of activity within a designated space. Cameras can be paired with facial recognition software that can provide alerts when unauthorized individuals enter controlled areas. Once a physical breach has been detected, defenders can use live and recorded camera footage to track an adversary's path and actions.",2.4.C,"Cameras provide visual monitoring and a visual record of activity within a designated space. Cameras can be paired with facial recognition software that can provide alerts when unauthorized individuals enter controlled areas. Once a physical breach has been detected, defenders can use live and recorded camera footage to track an adversary's path and actions.","{id: ""2.4.C.1"", text: ""Cameras provide visual monitoring and a visual record of activity within a designated space. Cameras can be paired with facial recognition software that can provide alerts when unauthorized individuals enter controlled areas. Once a physical breach has been detected, defenders can use live and recorded camera footage to track an adversary's path and actions."", parent: ""2.4.C""},"
2.4.C.2,"Motion detectors work best when paired with cameras. When a security alert is raised because a motion detector has been activated, defenders can use cameras to check the space visually and verify a physical security breach.",2.4.C,"Motion detectors work best when paired with cameras. When a security alert is raised because a motion detector has been activated, defenders can use cameras to check the space visually and verify a physical security breach.","{id: ""2.4.C.2"", text: ""Motion detectors work best when paired with cameras. When a security alert is raised because a motion detector has been activated, defenders can use cameras to check the space visually and verify a physical security breach."", parent: ""2.4.C""},"
2.4.C.3,"When employees are required to use an electronic badge to unlock a door to a restricted area, a sensor can record how long the door was open. In reviewing entry logs for the door, potential piggybacking or tailgating can be detected by doors being open for longer than normal lengths of time.",2.4.C,"When employees are required to use an electronic badge to unlock a door to a restricted area, a sensor can record how long the door was open. In reviewing entry logs for the door, potential piggybacking or tailgating can be detected by doors being open for longer than normal lengths of time.","{id: ""2.4.C.3"", text: ""When employees are required to use an electronic badge to unlock a door to a restricted area, a sensor can record how long the door was open. In reviewing entry logs for the door, potential piggybacking or tailgating can be detected by doors being open for longer than normal lengths of time."", parent: ""2.4.C""},"
3.1.A,Identify common network attacks.,3.1,Identify common network attacks.,"{id: ""3.1.A"", text: ""Identify common network attacks."", parent: ""3.1""},"
3.1.A.1,"The address resolution protocol (ARP) is used by a default gateway on a network to establish a table that pairs internet protocol (IP) addresses with media access control (MAC) addresses. An ARP poisoning attack is when an adversary sends falsified ARP packets to the default gateway to modify the table so that the adversary's device receives traffic intended for the target by linking the target's IP address to the adversary's MAC address. Faking a MAC address is called MAC spoofing. This is an example of an on-path attack (or man-in-themiddle attack), which is when an adversary interrupts a data stream between two parties, captures both parties' data, and copies or alters the data before sending them on. Both parties think they are communicating directly with each other, but instead they are each communicating with the adversary who is secretly intercepting their messages.",3.1.A,"The address resolution protocol (ARP) is used by a default gateway on a network to establish a table that pairs internet protocol (IP) addresses with media access control (MAC) addresses. An ARP poisoning attack is when an adversary sends falsified ARP packets to the default gateway to modify the table so that the adversary's device receives traffic intended for the target by linking the target's IP address to the adversary's MAC address. Faking a MAC address is called MAC spoofing. This is an example of an on-path attack (or man-in-themiddle attack), which is when an adversary interrupts a data stream between two parties, captures both parties' data, and copies or alters the data before sending them on. Both parties think they are communicating directly with each other, but instead they are each communicating with the adversary who is secretly intercepting their messages.","{id: ""3.1.A.1"", text: ""The address resolution protocol (ARP) is used by a default gateway on a network to establish a table that pairs internet protocol (IP) addresses with media access control (MAC) addresses. An ARP poisoning attack is when an adversary sends falsified ARP packets to the default gateway to modify the table so that the adversary's device receives traffic intended for the target by linking the target's IP address to the adversary's MAC address. Faking a MAC address is called MAC spoofing. This is an example of an on-path attack (or man-in-themiddle attack), which is when an adversary interrupts a data stream between two parties, captures both parties' data, and copies or alters the data before sending them on. Both parties think they are communicating directly with each other, but instead they are each communicating with the adversary who is secretly intercepting their messages."", parent: ""3.1.A""},"
3.1.A.2,"A MAC flooding attack is when an adversary sends the target switch many Ethernet frames, each with a different MAC address. This can force the switch into broadcast mode, and the adversary can then collect all of the frames on the network (because they are being broadcast), which could allow the adversary to access sensitive information. This is an example of eavesdropping (or sniffing), which is when an adversary captures data in transit and can record and copy the data.",3.1.A,"A MAC flooding attack is when an adversary sends the target switch many Ethernet frames, each with a different MAC address. This can force the switch into broadcast mode, and the adversary can then collect all of the frames on the network (because they are being broadcast), which could allow the adversary to access sensitive information. This is an example of eavesdropping (or sniffing), which is when an adversary captures data in transit and can record and copy the data.","{id: ""3.1.A.2"", text: ""A MAC flooding attack is when an adversary sends the target switch many Ethernet frames, each with a different MAC address. This can force the switch into broadcast mode, and the adversary can then collect all of the frames on the network (because they are being broadcast), which could allow the adversary to access sensitive information. This is an example of eavesdropping (or sniffing), which is when an adversary captures data in transit and can record and copy the data."", parent: ""3.1.A""},"
3.1.A.3,"A domain name system (DNS) poisoning attack is when an adversary pretends to be an authoritative name server (NS) and plants a fake DNS record on a DNS server to redirect browser traffic to a malicious website designed to steal credentials. This is an example of credential harvesting, which is when adversaries set up a fake login site that looks like a real one. Unsuspecting users enter their real credentials, which the adversaries capture and use.",3.1.A,"A domain name system (DNS) poisoning attack is when an adversary pretends to be an authoritative name server (NS) and plants a fake DNS record on a DNS server to redirect browser traffic to a malicious website designed to steal credentials. This is an example of credential harvesting, which is when adversaries set up a fake login site that looks like a real one. Unsuspecting users enter their real credentials, which the adversaries capture and use.","{id: ""3.1.A.3"", text: ""A domain name system (DNS) poisoning attack is when an adversary pretends to be an authoritative name server (NS) and plants a fake DNS record on a DNS server to redirect browser traffic to a malicious website designed to steal credentials. This is an example of credential harvesting, which is when adversaries set up a fake login site that looks like a real one. Unsuspecting users enter their real credentials, which the adversaries capture and use."", parent: ""3.1.A""},"
3.1.A.4,"A smurf attack attempts to overwhelm a network with Internet Control Message Protocol (ICMP) requests. It is a type of denial of service (DoS) attack, which makes a system or resource unavailable to authorized users. During a smurf attack, an adversary sends many ICMP requests with the victim's address to the network's broadcast address. The network's gateway then sends these requests to all devices on the network. Each device on the network replies to the victim's address, creating a flood of traffic that can block legitimate messages. When multiple devices attack the same target simultaneously, it's called a distributed denial of service (DDoS) attack.",3.1.A,"A smurf attack attempts to overwhelm a network with Internet Control Message Protocol (ICMP) requests. It is a type of denial of service (DoS) attack, which makes a system or resource unavailable to authorized users. During a smurf attack, an adversary sends many ICMP requests with the victim's address to the network's broadcast address. The network's gateway then sends these requests to all devices on the network. Each device on the network replies to the victim's address, creating a flood of traffic that can block legitimate messages. When multiple devices attack the same target simultaneously, it's called a distributed denial of service (DDoS) attack.","{id: ""3.1.A.4"", text: ""A smurf attack attempts to overwhelm a network with Internet Control Message Protocol (ICMP) requests. It is a type of denial of service (DoS) attack, which makes a system or resource unavailable to authorized users. During a smurf attack, an adversary sends many ICMP requests with the victim's address to the network's broadcast address. The network's gateway then sends these requests to all devices on the network. Each device on the network replies to the victim's address, creating a flood of traffic that can block legitimate messages. When multiple devices attack the same target simultaneously, it's called a distributed denial of service (DDoS) attack."", parent: ""3.1.A""},"
3.1.B,"Explain how adversaries can exploit network vulnerabilities to steal, disrupt, or destroy network communication.",3.1,"Explain how adversaries can exploit network vulnerabilities to steal, disrupt, or destroy network communication.","{id: ""3.1.B"", text: ""Explain how adversaries can exploit network vulnerabilities to steal, disrupt, or destroy network communication."", parent: ""3.1""},"
3.1.B.1,"Adversaries can send malicious traffic into a network to flood it creating a DoS, to map the internal structure of the network, or to spoof a legitimate device. Networks without firewalls, or with improperly configured firewalls, are vulnerable to these types of attacks.",3.1.B,"Adversaries can send malicious traffic into a network to flood it creating a DoS, to map the internal structure of the network, or to spoof a legitimate device. Networks without firewalls, or with improperly configured firewalls, are vulnerable to these types of attacks.","{id: ""3.1.B.1"", text: ""Adversaries can send malicious traffic into a network to flood it creating a DoS, to map the internal structure of the network, or to spoof a legitimate device. Networks without firewalls, or with improperly configured firewalls, are vulnerable to these types of attacks."", parent: ""3.1.B""},"
3.1.B.2,Adversaries that have compromised a device often attempt to leverage their access to compromise other devices on the local area network (LAN).,3.1.B,Adversaries that have compromised a device often attempt to leverage their access to compromise other devices on the local area network (LAN).,"{id: ""3.1.B.2"", text: ""Adversaries that have compromised a device often attempt to leverage their access to compromise other devices on the local area network (LAN)."", parent: ""3.1.B""},"
3.1.B.3,Adversaries that physically plug into a data port can gain access to a LAN through the switch port unless port security is enabled. This allows adversaries to launch DoS attacks or perform MAC flooding or MAC spoofing attacks.,3.1.B,Adversaries that physically plug into a data port can gain access to a LAN through the switch port unless port security is enabled. This allows adversaries to launch DoS attacks or perform MAC flooding or MAC spoofing attacks.,"{id: ""3.1.B.3"", text: ""Adversaries that physically plug into a data port can gain access to a LAN through the switch port unless port security is enabled. This allows adversaries to launch DoS attacks or perform MAC flooding or MAC spoofing attacks."", parent: ""3.1.B""},"
3.1.B.4,Adversaries standing outside of physically secure spaces can pick up the signals and beacon frames from a wireless access point that is broadcasting outside the physical space. This allows them to gather information about the wireless network and to attempt eavesdropping and cryptographic attacks on it.,3.1.B,Adversaries standing outside of physically secure spaces can pick up the signals and beacon frames from a wireless access point that is broadcasting outside the physical space. This allows them to gather information about the wireless network and to attempt eavesdropping and cryptographic attacks on it.,"{id: ""3.1.B.4"", text: ""Adversaries standing outside of physically secure spaces can pick up the signals and beacon frames from a wireless access point that is broadcasting outside the physical space. This allows them to gather information about the wireless network and to attempt eavesdropping and cryptographic attacks on it."", parent: ""3.1.B""},"
3.1.B.5,Adversaries can attempt to join networks to launch attacks from within the networks. Networks that do not authenticate devices and users make it easier for adversaries to join.,3.1.B,Adversaries can attempt to join networks to launch attacks from within the networks. Networks that do not authenticate devices and users make it easier for adversaries to join.,"{id: ""3.1.B.5"", text: ""Adversaries can attempt to join networks to launch attacks from within the networks. Networks that do not authenticate devices and users make it easier for adversaries to join."", parent: ""3.1.B""},"
3.1.B.6,"If there is an open network port, an adversary can plug a wireless access point into the port creating a rogue access point. The adversary could use this rogue access point to access the internal network wirelessly (maybe even from outside the physical space). This allows the adversary direct access to the LAN, bypassing any firewalls.",3.1.B,"If there is an open network port, an adversary can plug a wireless access point into the port creating a rogue access point. The adversary could use this rogue access point to access the internal network wirelessly (maybe even from outside the physical space). This allows the adversary direct access to the LAN, bypassing any firewalls.","{id: ""3.1.B.6"", text: ""If there is an open network port, an adversary can plug a wireless access point into the port creating a rogue access point. The adversary could use this rogue access point to access the internal network wirelessly (maybe even from outside the physical space). This allows the adversary direct access to the LAN, bypassing any firewalls."", parent: ""3.1.B""},"
3.1.B.7,"Adversaries can attempt to break wireless encryption and intercept, steal, or compromise data on a network.",3.1.B,"Adversaries can attempt to break wireless encryption and intercept, steal, or compromise data on a network.","{id: ""3.1.B.7"", text: ""Adversaries can attempt to break wireless encryption and intercept, steal, or compromise data on a network."", parent: ""3.1.B""},"
3.1.C,Assess and document risks from network vulnerabilities.,3.1,Assess and document risks from network vulnerabilities.,"{id: ""3.1.C"", text: ""Assess and document risks from network vulnerabilities."", parent: ""3.1""},"
3.1.C.1,"Vulnerabilities on a network can lead to adversaries being able to intercept and alter data in transit, launch DoS attacks, or move laterally on a network to gain access to more sensitive or critical systems. Network vulnerabilities can constitute a risk to confidentiality, integrity, and availability.",3.1.C,"Vulnerabilities on a network can lead to adversaries being able to intercept and alter data in transit, launch DoS attacks, or move laterally on a network to gain access to more sensitive or critical systems. Network vulnerabilities can constitute a risk to confidentiality, integrity, and availability.","{id: ""3.1.C.1"", text: ""Vulnerabilities on a network can lead to adversaries being able to intercept and alter data in transit, launch DoS attacks, or move laterally on a network to gain access to more sensitive or critical systems. Network vulnerabilities can constitute a risk to confidentiality, integrity, and availability."", parent: ""3.1.C""},"
3.1.C.2,"There are automated vulnerability scanners that can check networks, devices, and applications for known vulnerabilities. These scanners produce a report that often includes the vulnerabilities detected, their severity, and mitigation recommendations.",3.1.C,"There are automated vulnerability scanners that can check networks, devices, and applications for known vulnerabilities. These scanners produce a report that often includes the vulnerabilities detected, their severity, and mitigation recommendations.","{id: ""3.1.C.2"", text: ""There are automated vulnerability scanners that can check networks, devices, and applications for known vulnerabilities. These scanners produce a report that often includes the vulnerabilities detected, their severity, and mitigation recommendations."", parent: ""3.1.C""},"
3.1.C.3,Successfully exploiting a network vulnerability often requires advanced technical ability and knowledge. This can impact the likelihood of an exploit.,3.1.C,Successfully exploiting a network vulnerability often requires advanced technical ability and knowledge. This can impact the likelihood of an exploit.,"{id: ""3.1.C.3"", text: ""Successfully exploiting a network vulnerability often requires advanced technical ability and knowledge. This can impact the likelihood of an exploit."", parent: ""3.1.C""},"
3.1.C.4,"High risks from network vulnerabilities allow an adversary to easily have a significant impact by capturing network traffic, spoofing a legitimate device on the network, or launching a DoS attack.",3.1.C,"High risks from network vulnerabilities allow an adversary to easily have a significant impact by capturing network traffic, spoofing a legitimate device on the network, or launching a DoS attack.","{id: ""3.1.C.4"", text: ""High risks from network vulnerabilities allow an adversary to easily have a significant impact by capturing network traffic, spoofing a legitimate device on the network, or launching a DoS attack."", parent: ""3.1.C""},"
3.1.C.5,Moderate risks from network vulnerabilities could include vulnerabilities that might give adversaries the ability to gain information about systems or devices on a network.,3.1.C,Moderate risks from network vulnerabilities could include vulnerabilities that might give adversaries the ability to gain information about systems or devices on a network.,"{id: ""3.1.C.5"", text: ""Moderate risks from network vulnerabilities could include vulnerabilities that might give adversaries the ability to gain information about systems or devices on a network."", parent: ""3.1.C""},"
3.1.C.6,Low risks from network vulnerabilities include vulnerabilities that would be difficult to exploit and would likely have minimal negative impacts on an organization.,3.1.C,Low risks from network vulnerabilities include vulnerabilities that would be difficult to exploit and would likely have minimal negative impacts on an organization.,"{id: ""3.1.C.6"", text: ""Low risks from network vulnerabilities include vulnerabilities that would be difficult to exploit and would likely have minimal negative impacts on an organization."", parent: ""3.1.C""},"
3.2.A,Identify managerial controls related to network security.,3.2,Identify managerial controls related to network security.,"{id: ""3.2.A"", text: ""Identify managerial controls related to network security."", parent: ""3.2""},"
3.2.A.1,"A router security policy will set forth a minimum configuration standard for routers on an organization's network and may include: • Banning local user accounts (All router logins must use an approved authentication server.) • Disabling unnecessary services (e.g., Telnet) • Requiring a firewall (An organization may opt for a firewall device separate from the router.)",3.2.A,"A router security policy will set forth a minimum configuration standard for routers on an organization's network and may include: • Banning local user accounts (All router logins must use an approved authentication server.) • Disabling unnecessary services (e.g., Telnet) • Requiring a firewall (An organization may opt for a firewall device separate from the router.)","{id: ""3.2.A.1"", text: ""A router security policy will set forth a minimum configuration standard for routers on an organization's network and may include: • Banning local user accounts (All router logins must use an approved authentication server.) • Disabling unnecessary services (e.g., Telnet) • Requiring a firewall (An organization may opt for a firewall device separate from the router.)"", parent: ""3.2.A""},"
3.2.A.2,A switch security policy will set forth a minimum configuration standard for switches on an organization's network and may include: • Banning local user accounts (All switch logins must use an approved authentication server.) • Requiring port security to be enabled. • Using MAC filtering,3.2.A,A switch security policy will set forth a minimum configuration standard for switches on an organization's network and may include: • Banning local user accounts (All switch logins must use an approved authentication server.) • Requiring port security to be enabled. • Using MAC filtering,"{id: ""3.2.A.2"", text: ""A switch security policy will set forth a minimum configuration standard for switches on an organization's network and may include: • Banning local user accounts (All switch logins must use an approved authentication server.) • Requiring port security to be enabled. • Using MAC filtering"", parent: ""3.2.A""},"
3.2.A.3,"A virtual private network (VPN) policy will detail the minimum security requirements for employees using a VPN to access an organization's internal network, and it may include: • A list of roles within the organization that are allowed to use a VPN to access the organization's internal network • Authentication requirements for employees using a VPN (e.g., public/private key system or MFA) • A prohibition against split tunneling (also called dual tunneling).",3.2.A,"A virtual private network (VPN) policy will detail the minimum security requirements for employees using a VPN to access an organization's internal network, and it may include: • A list of roles within the organization that are allowed to use a VPN to access the organization's internal network • Authentication requirements for employees using a VPN (e.g., public/private key system or MFA) • A prohibition against split tunneling (also called dual tunneling).","{id: ""3.2.A.3"", text: ""A virtual private network (VPN) policy will detail the minimum security requirements for employees using a VPN to access an organization's internal network, and it may include: • A list of roles within the organization that are allowed to use a VPN to access the organization's internal network • Authentication requirements for employees using a VPN (e.g., public/private key system or MFA) • A prohibition against split tunneling (also called dual tunneling)."", parent: ""3.2.A""},"
3.2.A.4,A wireless security policy will establish the minimum security requirements for wireless networks within an organization and may include: • Requiring users to authenticate to the wireless network through an extensible authentication protocol (EAP) connected to an approved authentication server • Requiring all wireless traffic to be encrypted using AES encryption with a minimum key length • Disabling beacon frames on wireless access points,3.2.A,A wireless security policy will establish the minimum security requirements for wireless networks within an organization and may include: • Requiring users to authenticate to the wireless network through an extensible authentication protocol (EAP) connected to an approved authentication server • Requiring all wireless traffic to be encrypted using AES encryption with a minimum key length • Disabling beacon frames on wireless access points,"{id: ""3.2.A.4"", text: ""A wireless security policy will establish the minimum security requirements for wireless networks within an organization and may include: • Requiring users to authenticate to the wireless network through an extensible authentication protocol (EAP) connected to an approved authentication server • Requiring all wireless traffic to be encrypted using AES encryption with a minimum key length • Disabling beacon frames on wireless access points"", parent: ""3.2.A""},"
3.2.B,Configure wireless network security features.,3.2,Configure wireless network security features.,"{id: ""3.2.B"", text: ""Configure wireless network security features."", parent: ""3.2""},"
3.2.B.1,Organizations can disable beacon frame broadcasting on wireless access points (WAPs) to make it harder for adversaries to find their wireless network and learn its basic properties.,3.2.B,Organizations can disable beacon frame broadcasting on wireless access points (WAPs) to make it harder for adversaries to find their wireless network and learn its basic properties.,"{id: ""3.2.B.1"", text: ""Organizations can disable beacon frame broadcasting on wireless access points (WAPs) to make it harder for adversaries to find their wireless network and learn its basic properties."", parent: ""3.2.B""},"
3.2.B.2,Organizations can control the broadcast direction and signal strength of a WAP so the signal does not extend beyond the physical space the access point is meant to cover.,3.2.B,Organizations can control the broadcast direction and signal strength of a WAP so the signal does not extend beyond the physical space the access point is meant to cover.,"{id: ""3.2.B.2"", text: ""Organizations can control the broadcast direction and signal strength of a WAP so the signal does not extend beyond the physical space the access point is meant to cover."", parent: ""3.2.B""},"
3.2.B.3,"Organizations should enable strong wireless encryption protocols to ensure wireless frames are not readable by adversaries who might intercept them. • WEP, WPS, and the original WPA wireless encryption protocols have known vulnerabilities and are insecure. • WPA3 is currently the strongest wireless encryption algorithm.",3.2.B,"Organizations should enable strong wireless encryption protocols to ensure wireless frames are not readable by adversaries who might intercept them. • WEP, WPS, and the original WPA wireless encryption protocols have known vulnerabilities and are insecure. • WPA3 is currently the strongest wireless encryption algorithm.","{id: ""3.2.B.3"", text: ""Organizations should enable strong wireless encryption protocols to ensure wireless frames are not readable by adversaries who might intercept them. • WEP, WPS, and the original WPA wireless encryption protocols have known vulnerabilities and are insecure. • WPA3 is currently the strongest wireless encryption algorithm."", parent: ""3.2.B""},"
3.2.B.4,Organizations can require users to authenticate to join a network. Organizations can also enable MAC filtering to prevent unauthorized devices from accessing the network.,3.2.B,Organizations can require users to authenticate to join a network. Organizations can also enable MAC filtering to prevent unauthorized devices from accessing the network.,"{id: ""3.2.B.4"", text: ""Organizations can require users to authenticate to join a network. Organizations can also enable MAC filtering to prevent unauthorized devices from accessing the network."", parent: ""3.2.B""},"
3.3.A,Identify techniques for segmenting a network.,3.3,Identify techniques for segmenting a network.,"{id: ""3.3.A"", text: ""Identify techniques for segmenting a network."", parent: ""3.3""},"
3.3.A.1,"Firewall zones and rules can be used to create a screened subnet (also known as a demilitarized zone, or DMZ)‚Äîa network segment that sits between public, external networks like the internet and internal, private networks. A screened subnet is typically a lower security zone than the internal, private networks, and it typically holds an organization's publicly facing resources, separating them from the internal network.",3.3.A,"Firewall zones and rules can be used to create a screened subnet (also known as a demilitarized zone, or DMZ)‚Äîa network segment that sits between public, external networks like the internet and internal, private networks. A screened subnet is typically a lower security zone than the internal, private networks, and it typically holds an organization's publicly facing resources, separating them from the internal network.","{id: ""3.3.A.1"", text: ""Firewall zones and rules can be used to create a screened subnet (also known as a demilitarized zone, or DMZ)‚Äîa network segment that sits between public, external networks like the internet and internal, private networks. A screened subnet is typically a lower security zone than the internal, private networks, and it typically holds an organization's publicly facing resources, separating them from the internal network."", parent: ""3.3.A""},"
3.3.A.2,"Subnetting can be used to create different subnets based on IP addressing. If a device is compromised by an adversary, subnets can contain a security breach to reduce the number of exposed devices.",3.3.A,"Subnetting can be used to create different subnets based on IP addressing. If a device is compromised by an adversary, subnets can contain a security breach to reduce the number of exposed devices.","{id: ""3.3.A.2"", text: ""Subnetting can be used to create different subnets based on IP addressing. If a device is compromised by an adversary, subnets can contain a security breach to reduce the number of exposed devices."", parent: ""3.3.A""},"
3.3.A.3,"Switches can be used to create VLANs, which logically separate devices physically connected to central switches.",3.3.A,"Switches can be used to create VLANs, which logically separate devices physically connected to central switches.","{id: ""3.3.A.3"", text: ""Switches can be used to create VLANs, which logically separate devices physically connected to central switches."", parent: ""3.3.A""},"
3.3.B,Explain why network segmentation can increase network security.,3.3,Explain why network segmentation can increase network security.,"{id: ""3.3.B"", text: ""Explain why network segmentation can increase network security."", parent: ""3.3""},"
3.3.B.1,"Network segmentation refers to the process of dividing a network into smaller, isolated segments or subnetworks (subnets).",3.3.B,"Network segmentation refers to the process of dividing a network into smaller, isolated segments or subnetworks (subnets).","{id: ""3.3.B.1"", text: ""Network segmentation refers to the process of dividing a network into smaller, isolated segments or subnetworks (subnets)."", parent: ""3.3.B""},"
3.3.B.2,"Dividing a network into smaller subnets isolates network traffic, which can prevent attacks on one subnet from impacting devices on other subnets.",3.3.B,"Dividing a network into smaller subnets isolates network traffic, which can prevent attacks on one subnet from impacting devices on other subnets.","{id: ""3.3.B.2"", text: ""Dividing a network into smaller subnets isolates network traffic, which can prevent attacks on one subnet from impacting devices on other subnets."", parent: ""3.3.B""},"
3.3.B.3,"Network segmentation can allow for different security policies and controls to be applied to different segments of the network, allowing for higher security zones and lower security zones.",3.3.B,"Network segmentation can allow for different security policies and controls to be applied to different segments of the network, allowing for higher security zones and lower security zones.","{id: ""3.3.B.3"", text: ""Network segmentation can allow for different security policies and controls to be applied to different segments of the network, allowing for higher security zones and lower security zones."", parent: ""3.3.B""},"
3.3.B.4,Port security on a switch can prevent MAC flooding by limiting the number of addresses assignable to any single switch port.,3.3.B,Port security on a switch can prevent MAC flooding by limiting the number of addresses assignable to any single switch port.,"{id: ""3.3.B.4"", text: ""Port security on a switch can prevent MAC flooding by limiting the number of addresses assignable to any single switch port."", parent: ""3.3.B""},"
3.4.A,Identify types of network-based firewalls.,3.4,Identify types of network-based firewalls.,"{id: ""3.4.A"", text: ""Identify types of network-based firewalls."", parent: ""3.4""},"
3.4.A.1,"A firewall is used to allow or deny network traffic in or out of a network. The firewall itself is software that can be hosted on a standalone device or integrated into another network device, such as a router.",3.4.A,"A firewall is used to allow or deny network traffic in or out of a network. The firewall itself is software that can be hosted on a standalone device or integrated into another network device, such as a router.","{id: ""3.4.A.1"", text: ""A firewall is used to allow or deny network traffic in or out of a network. The firewall itself is software that can be hosted on a standalone device or integrated into another network device, such as a router."", parent: ""3.4.A""},"
3.4.A.2,"A stateless firewall filters traffic based on information in packet headers, such as IP addresses, ports, and protocols.",3.4.A,"A stateless firewall filters traffic based on information in packet headers, such as IP addresses, ports, and protocols.","{id: ""3.4.A.2"", text: ""A stateless firewall filters traffic based on information in packet headers, such as IP addresses, ports, and protocols."", parent: ""3.4.A""},"
3.4.A.3,A stateful firewall (also known as dynamic packet filtering) tracks the state of network connections passing through the firewall and can filter according to connection-related rules in addition to the filtering done by a stateless firewall. This allows for more control over content allowed in and out of a network.,3.4.A,A stateful firewall (also known as dynamic packet filtering) tracks the state of network connections passing through the firewall and can filter according to connection-related rules in addition to the filtering done by a stateless firewall. This allows for more control over content allowed in and out of a network.,"{id: ""3.4.A.3"", text: ""A stateful firewall (also known as dynamic packet filtering) tracks the state of network connections passing through the firewall and can filter according to connection-related rules in addition to the filtering done by a stateless firewall. This allows for more control over content allowed in and out of a network."", parent: ""3.4.A""},"
3.4.A.4,"A next-generation firewall (NGFW) has both the capabilities of typical stateless and stateful firewalls and additional advanced features, such as intrusion prevention, deep packet inspection, and filtering by application type.",3.4.A,"A next-generation firewall (NGFW) has both the capabilities of typical stateless and stateful firewalls and additional advanced features, such as intrusion prevention, deep packet inspection, and filtering by application type.","{id: ""3.4.A.4"", text: ""A next-generation firewall (NGFW) has both the capabilities of typical stateless and stateful firewalls and additional advanced features, such as intrusion prevention, deep packet inspection, and filtering by application type."", parent: ""3.4.A""},"
3.4.B,Explain how a firewall uses an access control list to allow or deny traffic entering or leaving a network.,3.4,Explain how a firewall uses an access control list to allow or deny traffic entering or leaving a network.,"{id: ""3.4.B"", text: ""Explain how a firewall uses an access control list to allow or deny traffic entering or leaving a network."", parent: ""3.4""},"
3.4.B.1,"Network administrators create a set of rules, called an access control list (ACL), that a firewall uses to permit or deny inbound and outbound network traffic.",3.4.B,"Network administrators create a set of rules, called an access control list (ACL), that a firewall uses to permit or deny inbound and outbound network traffic.","{id: ""3.4.B.1"", text: ""Network administrators create a set of rules, called an access control list (ACL), that a firewall uses to permit or deny inbound and outbound network traffic."", parent: ""3.4.B""},"
3.4.B.2,ACL rules are checked in order and the first rule that matches the criteria will be executed for the specified data.,3.4.B,ACL rules are checked in order and the first rule that matches the criteria will be executed for the specified data.,"{id: ""3.4.B.2"", text: ""ACL rules are checked in order and the first rule that matches the criteria will be executed for the specified data."", parent: ""3.4.B""},"
3.4.B.3,"A typical ACL will specify the direction of traffic (inbound or outbound), the criterion to filter by (IP addresses, logical port, service, or application), and the action to take (permit or deny).",3.4.B,"A typical ACL will specify the direction of traffic (inbound or outbound), the criterion to filter by (IP addresses, logical port, service, or application), and the action to take (permit or deny).","{id: ""3.4.B.3"", text: ""A typical ACL will specify the direction of traffic (inbound or outbound), the criterion to filter by (IP addresses, logical port, service, or application), and the action to take (permit or deny)."", parent: ""3.4.B""},"
3.4.C,Determine the effective placement of firewalls in a network.,3.4,Determine the effective placement of firewalls in a network.,"{id: ""3.4.C"", text: ""Determine the effective placement of firewalls in a network."", parent: ""3.4""},"
3.4.C.1,Each segment of a network should have a firewall to control the flow of data in and out of that segment.,3.4.C,Each segment of a network should have a firewall to control the flow of data in and out of that segment.,"{id: ""3.4.C.1"", text: ""Each segment of a network should have a firewall to control the flow of data in and out of that segment."", parent: ""3.4.C""},"
3.4.C.2,Network segments may have different security needs based on the data and services within them. The level of security for each firewall can be set independently.,3.4.C,Network segments may have different security needs based on the data and services within them. The level of security for each firewall can be set independently.,"{id: ""3.4.C.2"", text: ""Network segments may have different security needs based on the data and services within them. The level of security for each firewall can be set independently."", parent: ""3.4.C""},"
3.4.C.3,Each point of data ingress and egress between the internal network and the public internet should have a firewall.,3.4.C,Each point of data ingress and egress between the internal network and the public internet should have a firewall.,"{id: ""3.4.C.3"", text: ""Each point of data ingress and egress between the internal network and the public internet should have a firewall."", parent: ""3.4.C""},"
3.4.D,Configure a firewall to manage the flow of network traffic.,3.4,Configure a firewall to manage the flow of network traffic.,"{id: ""3.4.D"", text: ""Configure a firewall to manage the flow of network traffic."", parent: ""3.4""},"
3.4.D.1,The requirements for a firewall will specify what type of traffic from which sources or to which destinations should be allowed or denied.,3.4.D,The requirements for a firewall will specify what type of traffic from which sources or to which destinations should be allowed or denied.,"{id: ""3.4.D.1"", text: ""The requirements for a firewall will specify what type of traffic from which sources or to which destinations should be allowed or denied."", parent: ""3.4.D""},"
3.4.D.2,"Specific rules for a firewall can allow or deny inbound or outbound traffic based on source or destination port or IP address, service, protocol, or application.",3.4.D,"Specific rules for a firewall can allow or deny inbound or outbound traffic based on source or destination port or IP address, service, protocol, or application.","{id: ""3.4.D.2"", text: ""Specific rules for a firewall can allow or deny inbound or outbound traffic based on source or destination port or IP address, service, protocol, or application."", parent: ""3.4.D""},"
3.4.D.3,"Rules are implemented in order, and changing the order of a set of rules can change which traffic is allowed or denied. Consideration must be given to the precedence of filtering priorities when establishing the order of rules.",3.4.D,"Rules are implemented in order, and changing the order of a set of rules can change which traffic is allowed or denied. Consideration must be given to the precedence of filtering priorities when establishing the order of rules.","{id: ""3.4.D.3"", text: ""Rules are implemented in order, and changing the order of a set of rules can change which traffic is allowed or denied. Consideration must be given to the precedence of filtering priorities when establishing the order of rules."", parent: ""3.4.D""},"
3.5.A,Identify types of automated security tools used to detect network attacks.,3.5,Identify types of automated security tools used to detect network attacks.,"{id: ""3.5.A"", text: ""Identify types of automated security tools used to detect network attacks."", parent: ""3.5""},"
3.5.A.1,"Automated detection tools analyze data collected from an organization's network and devices, such as switches and routers, servers, firewalls, and user computers. These data are often collected in a log file.",3.5.A,"Automated detection tools analyze data collected from an organization's network and devices, such as switches and routers, servers, firewalls, and user computers. These data are often collected in a log file.","{id: ""3.5.A.1"", text: ""Automated detection tools analyze data collected from an organization's network and devices, such as switches and routers, servers, firewalls, and user computers. These data are often collected in a log file."", parent: ""3.5.A""},"
3.5.A.2,"A network intrusion detection system (NIDS) is an automated tool that analyzes data to determine if malicious activity is taking place on a network. When an attack is detected, it generates an alert.",3.5.A,"A network intrusion detection system (NIDS) is an automated tool that analyzes data to determine if malicious activity is taking place on a network. When an attack is detected, it generates an alert.","{id: ""3.5.A.2"", text: ""A network intrusion detection system (NIDS) is an automated tool that analyzes data to determine if malicious activity is taking place on a network. When an attack is detected, it generates an alert."", parent: ""3.5.A""},"
3.5.A.3,"A network intrusion prevention system (NIPS) is an automated tool that, like an IDS, analyzes data to determine if malicious activity is taking place on a network. A NIPS can also mitigate or halt an attack by closing ports, blocking specific IP or MAC addresses, or rejecting specific protocols.",3.5.A,"A network intrusion prevention system (NIPS) is an automated tool that, like an IDS, analyzes data to determine if malicious activity is taking place on a network. A NIPS can also mitigate or halt an attack by closing ports, blocking specific IP or MAC addresses, or rejecting specific protocols.","{id: ""3.5.A.3"", text: ""A network intrusion prevention system (NIPS) is an automated tool that, like an IDS, analyzes data to determine if malicious activity is taking place on a network. A NIPS can also mitigate or halt an attack by closing ports, blocking specific IP or MAC addresses, or rejecting specific protocols."", parent: ""3.5.A""},"
3.5.A.4,"A security information and event management (SIEM) system collects and analyzes data from multiple sources (including firewalls, NIDS/NIPS, device logs, and application logs) to detect patterns that may indicate a cyberattack and raises an alert if a potential attack is detected. Security analysts investigate the alert to determine whether it represents a true threat and follow standard operating procedures to resolve or escalate the alert.",3.5.A,"A security information and event management (SIEM) system collects and analyzes data from multiple sources (including firewalls, NIDS/NIPS, device logs, and application logs) to detect patterns that may indicate a cyberattack and raises an alert if a potential attack is detected. Security analysts investigate the alert to determine whether it represents a true threat and follow standard operating procedures to resolve or escalate the alert.","{id: ""3.5.A.4"", text: ""A security information and event management (SIEM) system collects and analyzes data from multiple sources (including firewalls, NIDS/NIPS, device logs, and application logs) to detect patterns that may indicate a cyberattack and raises an alert if a potential attack is detected. Security analysts investigate the alert to determine whether it represents a true threat and follow standard operating procedures to resolve or escalate the alert."", parent: ""3.5.A""},"
3.5.B,Explain how organizations can leverage artificial intelligence (AI) to enhance threat detection and response.,3.5,Explain how organizations can leverage artificial intelligence (AI) to enhance threat detection and response.,"{id: ""3.5.B"", text: ""Explain how organizations can leverage artificial intelligence (AI) to enhance threat detection and response."", parent: ""3.5""},"
3.5.B.1,"Computers log every action that users take. Firewalls, IDS, IPS, and other network sensors log all the traffic passing through various points in a network. A medium-sized organization's network is logging millions (or even tens of millions) of data points per day. Even a large team of humans is incapable of analyzing so much data.",3.5.B,"Computers log every action that users take. Firewalls, IDS, IPS, and other network sensors log all the traffic passing through various points in a network. A medium-sized organization's network is logging millions (or even tens of millions) of data points per day. Even a large team of humans is incapable of analyzing so much data.","{id: ""3.5.B.1"", text: ""Computers log every action that users take. Firewalls, IDS, IPS, and other network sensors log all the traffic passing through various points in a network. A medium-sized organization's network is logging millions (or even tens of millions) of data points per day. Even a large team of humans is incapable of analyzing so much data."", parent: ""3.5.B""},"
3.5.B.2,Threat detection teams are creating AI algorithms to analyze large amounts of data and classify the data patterns as malicious or normal.,3.5.B,Threat detection teams are creating AI algorithms to analyze large amounts of data and classify the data patterns as malicious or normal.,"{id: ""3.5.B.2"", text: ""Threat detection teams are creating AI algorithms to analyze large amounts of data and classify the data patterns as malicious or normal."", parent: ""3.5.B""},"
3.5.B.3,AI models for threat detection are based on probabilistic calculations; they report a percentage to indicate the likelihood that something is malicious.,3.5.B,AI models for threat detection are based on probabilistic calculations; they report a percentage to indicate the likelihood that something is malicious.,"{id: ""3.5.B.3"", text: ""AI models for threat detection are based on probabilistic calculations; they report a percentage to indicate the likelihood that something is malicious."", parent: ""3.5.B""},"
3.5.B.4,"Organizations determine their own thresholds for what percentage of likelihood of a threat results in an alert. If the threshold is set too high, real attacks may go undetected; if the threshold is too low, the security team will be overwhelmed with false alerts.",3.5.B,"Organizations determine their own thresholds for what percentage of likelihood of a threat results in an alert. If the threshold is set too high, real attacks may go undetected; if the threshold is too low, the security team will be overwhelmed with false alerts.","{id: ""3.5.B.4"", text: ""Organizations determine their own thresholds for what percentage of likelihood of a threat results in an alert. If the threshold is set too high, real attacks may go undetected; if the threshold is too low, the security team will be overwhelmed with false alerts."", parent: ""3.5.B""},"
3.5.C,Determine a network detection method.,3.5,Determine a network detection method.,"{id: ""3.5.C"", text: ""Determine a network detection method."", parent: ""3.5""},"
3.5.C.1,"Volume of network traffic is a criterion for determining a detection method. Signature-based detection is more efficient for networks with high traffic volume. Signaturebased detection compares detection data to a database of known indicators of compromise (IoCs), called signatures. Signature databases must be updated with IoCs for the latest attacks. Signature-based detection runs more quickly than anomaly-based detection.",3.5.C,"Volume of network traffic is a criterion for determining a detection method. Signature-based detection is more efficient for networks with high traffic volume. Signaturebased detection compares detection data to a database of known indicators of compromise (IoCs), called signatures. Signature databases must be updated with IoCs for the latest attacks. Signature-based detection runs more quickly than anomaly-based detection.","{id: ""3.5.C.1"", text: ""Volume of network traffic is a criterion for determining a detection method. Signature-based detection is more efficient for networks with high traffic volume. Signaturebased detection compares detection data to a database of known indicators of compromise (IoCs), called signatures. Signature databases must be updated with IoCs for the latest attacks. Signature-based detection runs more quickly than anomaly-based detection."", parent: ""3.5.C""},"
3.5.C.2,Consistency of network traffic patterns is a criterion for determining a detection method. Anomaly-based detection is most effective on networks with consistent traffic patterns. Anomaly-based detection compares detection data to a baseline of recorded activity. Baselines must be recorded on uncompromised systems to establish expected data types and volumes. Anomaly-based detection triggers an alert or action when data types or volumes outside of a specified tolerance range are recorded. Anomaly-based detection relies on consistent patterns in network traffic to detect anomalous traffic patterns.,3.5.C,Consistency of network traffic patterns is a criterion for determining a detection method. Anomaly-based detection is most effective on networks with consistent traffic patterns. Anomaly-based detection compares detection data to a baseline of recorded activity. Baselines must be recorded on uncompromised systems to establish expected data types and volumes. Anomaly-based detection triggers an alert or action when data types or volumes outside of a specified tolerance range are recorded. Anomaly-based detection relies on consistent patterns in network traffic to detect anomalous traffic patterns.,"{id: ""3.5.C.2"", text: ""Consistency of network traffic patterns is a criterion for determining a detection method. Anomaly-based detection is most effective on networks with consistent traffic patterns. Anomaly-based detection compares detection data to a baseline of recorded activity. Baselines must be recorded on uncompromised systems to establish expected data types and volumes. Anomaly-based detection triggers an alert or action when data types or volumes outside of a specified tolerance range are recorded. Anomaly-based detection relies on consistent patterns in network traffic to detect anomalous traffic patterns."", parent: ""3.5.C""},"
3.5.C.3,"Degree of sensitivity or criticality of a network is a criterion for determining a detection method. Networks with more sensitive or critical data or services will likely consider a hybrid approach. Hybrid detection combines signature-based and anomaly-based detection. Hybrid detection is more expensive than using either signatureor anomaly-based detection alone, and hybrid-detection models generate more alerts.",3.5.C,"Degree of sensitivity or criticality of a network is a criterion for determining a detection method. Networks with more sensitive or critical data or services will likely consider a hybrid approach. Hybrid detection combines signature-based and anomaly-based detection. Hybrid detection is more expensive than using either signatureor anomaly-based detection alone, and hybrid-detection models generate more alerts.","{id: ""3.5.C.3"", text: ""Degree of sensitivity or criticality of a network is a criterion for determining a detection method. Networks with more sensitive or critical data or services will likely consider a hybrid approach. Hybrid detection combines signature-based and anomaly-based detection. Hybrid detection is more expensive than using either signatureor anomaly-based detection alone, and hybrid-detection models generate more alerts."", parent: ""3.5.C""},"
3.5.C.4,"Likelihood of novel attacks on a network is a criterion for determining a detection method. Signature-based detection cannot detect a new attack. When an organization suspects that adversaries are likely to attempt a new attack on a network, anomaly-based detection is the preferred method when the cost of hybrid detection is prohibitively high.",3.5.C,"Likelihood of novel attacks on a network is a criterion for determining a detection method. Signature-based detection cannot detect a new attack. When an organization suspects that adversaries are likely to attempt a new attack on a network, anomaly-based detection is the preferred method when the cost of hybrid detection is prohibitively high.","{id: ""3.5.C.4"", text: ""Likelihood of novel attacks on a network is a criterion for determining a detection method. Signature-based detection cannot detect a new attack. When an organization suspects that adversaries are likely to attempt a new attack on a network, anomaly-based detection is the preferred method when the cost of hybrid detection is prohibitively high."", parent: ""3.5.C""},"
3.5.D,Evaluate the impact of a network detection method.,3.5,Evaluate the impact of a network detection method.,"{id: ""3.5.D"", text: ""Evaluate the impact of a network detection method."", parent: ""3.5""},"
3.5.D.1,"Speed of detection is a factor in evaluating the impact of a network detection method. Faster detection enables faster response. Signature-based detection methods are faster than anomaly-based detection methods, especially on networks with high traffic volume.",3.5.D,"Speed of detection is a factor in evaluating the impact of a network detection method. Faster detection enables faster response. Signature-based detection methods are faster than anomaly-based detection methods, especially on networks with high traffic volume.","{id: ""3.5.D.1"", text: ""Speed of detection is a factor in evaluating the impact of a network detection method. Faster detection enables faster response. Signature-based detection methods are faster than anomaly-based detection methods, especially on networks with high traffic volume."", parent: ""3.5.D""},"
3.5.D.2,Cost is a factor in evaluating the impact of a network detection method. Detection tools and ongoing costs need to be within a budget. Anomaly-based detection systems require more expensive hardware to operate than signature based. Hybrid detection is the most expensive option because it combines both anomalyand signature-based methods.,3.5.D,Cost is a factor in evaluating the impact of a network detection method. Detection tools and ongoing costs need to be within a budget. Anomaly-based detection systems require more expensive hardware to operate than signature based. Hybrid detection is the most expensive option because it combines both anomalyand signature-based methods.,"{id: ""3.5.D.2"", text: ""Cost is a factor in evaluating the impact of a network detection method. Detection tools and ongoing costs need to be within a budget. Anomaly-based detection systems require more expensive hardware to operate than signature based. Hybrid detection is the most expensive option because it combines both anomalyand signature-based methods."", parent: ""3.5.D""},"
3.5.D.3,False positive rate is a factor in evaluating the impact of a network detection method. Signature-based detection has almost no false positives. Anomaly-based or hybrid detection will have higher false positive rates. Impacts of high false positive rates include: • Time and resources are put toward investigating alerts for nonmalicious activity. • Alert fatigue is a condition that occurs when responders get accustomed to false positives and take alerts less seriously because they assume alerts are false positives before investigating them.,3.5.D,False positive rate is a factor in evaluating the impact of a network detection method. Signature-based detection has almost no false positives. Anomaly-based or hybrid detection will have higher false positive rates. Impacts of high false positive rates include: • Time and resources are put toward investigating alerts for nonmalicious activity. • Alert fatigue is a condition that occurs when responders get accustomed to false positives and take alerts less seriously because they assume alerts are false positives before investigating them.,"{id: ""3.5.D.3"", text: ""False positive rate is a factor in evaluating the impact of a network detection method. Signature-based detection has almost no false positives. Anomaly-based or hybrid detection will have higher false positive rates. Impacts of high false positive rates include: • Time and resources are put toward investigating alerts for nonmalicious activity. • Alert fatigue is a condition that occurs when responders get accustomed to false positives and take alerts less seriously because they assume alerts are false positives before investigating them."", parent: ""3.5.D""},"
3.5.D.4,"False negative rate is a factor in evaluating the impact of a network detection method. A false negative occurs when an adversary can bypass a detection system. Signature-based detection systems are easier to bypass than anomaly-based or hybrid systems. False negatives can result in adversaries causing loss, harm, disruption, or destruction to data and systems.",3.5.D,"False negative rate is a factor in evaluating the impact of a network detection method. A false negative occurs when an adversary can bypass a detection system. Signature-based detection systems are easier to bypass than anomaly-based or hybrid systems. False negatives can result in adversaries causing loss, harm, disruption, or destruction to data and systems.","{id: ""3.5.D.4"", text: ""False negative rate is a factor in evaluating the impact of a network detection method. A false negative occurs when an adversary can bypass a detection system. Signature-based detection systems are easier to bypass than anomaly-based or hybrid systems. False negatives can result in adversaries causing loss, harm, disruption, or destruction to data and systems."", parent: ""3.5.D""},"
3.5.E,Apply detection techniques to identify indicators of network attacks by analyzing log files.,3.5,Apply detection techniques to identify indicators of network attacks by analyzing log files.,"{id: ""3.5.E"", text: ""Apply detection techniques to identify indicators of network attacks by analyzing log files."", parent: ""3.5""},"
3.5.E.1,Evil-twin attacks can be detected by regularly scanning for service set identifiers (SSIDs) that look suspicious or similar to local legitimate SSIDs. Signal triangulation can be used to locate and disable an access point broadcasting an evil-twin network.,3.5.E,Evil-twin attacks can be detected by regularly scanning for service set identifiers (SSIDs) that look suspicious or similar to local legitimate SSIDs. Signal triangulation can be used to locate and disable an access point broadcasting an evil-twin network.,"{id: ""3.5.E.1"", text: ""Evil-twin attacks can be detected by regularly scanning for service set identifiers (SSIDs) that look suspicious or similar to local legitimate SSIDs. Signal triangulation can be used to locate and disable an access point broadcasting an evil-twin network."", parent: ""3.5.E""},"
3.5.E.2,Jamming attacks can be detected by recognizing that no wireless devices in a specific physical space are able to connect to a wireless network and by scanning for electromagnetic (EM) noise in the wireless range.,3.5.E,Jamming attacks can be detected by recognizing that no wireless devices in a specific physical space are able to connect to a wireless network and by scanning for electromagnetic (EM) noise in the wireless range.,"{id: ""3.5.E.2"", text: ""Jamming attacks can be detected by recognizing that no wireless devices in a specific physical space are able to connect to a wireless network and by scanning for electromagnetic (EM) noise in the wireless range."", parent: ""3.5.E""},"
3.5.E.3,ARP poisoning attacks can be detected by monitoring network traffic for unusual ARP messages (particularly duplicate MAC address ARP packets) and checking the ARP table on the default gateway.,3.5.E,ARP poisoning attacks can be detected by monitoring network traffic for unusual ARP messages (particularly duplicate MAC address ARP packets) and checking the ARP table on the default gateway.,"{id: ""3.5.E.3"", text: ""ARP poisoning attacks can be detected by monitoring network traffic for unusual ARP messages (particularly duplicate MAC address ARP packets) and checking the ARP table on the default gateway."", parent: ""3.5.E""},"
3.5.E.4,MAC flooding attacks can be detected by monitoring network traffic for an unexpected surge of Ethernet frames with different MAC addresses and checking the MAC address table on a switch.,3.5.E,MAC flooding attacks can be detected by monitoring network traffic for an unexpected surge of Ethernet frames with different MAC addresses and checking the MAC address table on a switch.,"{id: ""3.5.E.4"", text: ""MAC flooding attacks can be detected by monitoring network traffic for an unexpected surge of Ethernet frames with different MAC addresses and checking the MAC address table on a switch."", parent: ""3.5.E""},"
3.5.E.5,"DNS poisoning attacks are difficult to detect. However, if an organization's website experiences an abrupt and otherwise inexplicable drop in traffic, DNS records should be examined as a potential cause.",3.5.E,"DNS poisoning attacks are difficult to detect. However, if an organization's website experiences an abrupt and otherwise inexplicable drop in traffic, DNS records should be examined as a potential cause.","{id: ""3.5.E.5"", text: ""DNS poisoning attacks are difficult to detect. However, if an organization's website experiences an abrupt and otherwise inexplicable drop in traffic, DNS records should be examined as a potential cause."", parent: ""3.5.E""},"
3.5.E.6,Smurf attacks can be detected by watching network traffic for a sudden increase in ICMP requests sent to the network's broadcast address.,3.5.E,Smurf attacks can be detected by watching network traffic for a sudden increase in ICMP requests sent to the network's broadcast address.,"{id: ""3.5.E.6"", text: ""Smurf attacks can be detected by watching network traffic for a sudden increase in ICMP requests sent to the network's broadcast address."", parent: ""3.5.E""},"
3.5.E.7,"Network-based IoCs are discovered when analyzing network traffic, often in the form of packet capture files. Indicators can be found in source and destination IP addresses, ports, and protocols. These can include: • Connections to known malicious IP addresses • Unauthorized network scans • Unusual spikes or slow downs in network traffic • Mismatched port-application traffic",3.5.E,"Network-based IoCs are discovered when analyzing network traffic, often in the form of packet capture files. Indicators can be found in source and destination IP addresses, ports, and protocols. These can include: • Connections to known malicious IP addresses • Unauthorized network scans • Unusual spikes or slow downs in network traffic • Mismatched port-application traffic","{id: ""3.5.E.7"", text: ""Network-based IoCs are discovered when analyzing network traffic, often in the form of packet capture files. Indicators can be found in source and destination IP addresses, ports, and protocols. These can include: • Connections to known malicious IP addresses • Unauthorized network scans • Unusual spikes or slow downs in network traffic • Mismatched port-application traffic"", parent: ""3.5.E""},"
4.1.A,Identify types of computing devices.,4.1,Identify types of computing devices.,"{id: ""4.1.A"", text: ""Identify types of computing devices."", parent: ""4.1""},"
4.1.A.1,"Server computers are devices that provide one or more services to other computers (e.g., DNS, DHCP, FTP). Any computer can be a server, and in an enterprise environment servers typically have more processing power and storage than a personal computer.",4.1.A,"Server computers are devices that provide one or more services to other computers (e.g., DNS, DHCP, FTP). Any computer can be a server, and in an enterprise environment servers typically have more processing power and storage than a personal computer.","{id: ""4.1.A.1"", text: ""Server computers are devices that provide one or more services to other computers (e.g., DNS, DHCP, FTP). Any computer can be a server, and in an enterprise environment servers typically have more processing power and storage than a personal computer."", parent: ""4.1.A""},"
4.1.A.2,"Personal computers are devices that are designed to be used by one person for work or recreational purposes (e.g., word processing, graphic design, web browsing, and media production or viewing). These include desktop, laptop, and notebook computers.",4.1.A,"Personal computers are devices that are designed to be used by one person for work or recreational purposes (e.g., word processing, graphic design, web browsing, and media production or viewing). These include desktop, laptop, and notebook computers.","{id: ""4.1.A.2"", text: ""Personal computers are devices that are designed to be used by one person for work or recreational purposes (e.g., word processing, graphic design, web browsing, and media production or viewing). These include desktop, laptop, and notebook computers."", parent: ""4.1.A""},"
4.1.A.3,"Handheld computers (also called mobile computers or information appliances) are smaller than personal computers and run on battery power. These include tablets, smartphones, and wearable technology like smart watches.",4.1.A,"Handheld computers (also called mobile computers or information appliances) are smaller than personal computers and run on battery power. These include tablets, smartphones, and wearable technology like smart watches.","{id: ""4.1.A.3"", text: ""Handheld computers (also called mobile computers or information appliances) are smaller than personal computers and run on battery power. These include tablets, smartphones, and wearable technology like smart watches."", parent: ""4.1.A""},"
4.1.A.4,Embedded computers are devices that are part of a machine. Embedded devices have specific instruction sets for interfacing with the specialized components of the machine they're embedded in. Embedded computers tend to be slower and cheaper than other computers and have minimal storage.,4.1.A,Embedded computers are devices that are part of a machine. Embedded devices have specific instruction sets for interfacing with the specialized components of the machine they're embedded in. Embedded computers tend to be slower and cheaper than other computers and have minimal storage.,"{id: ""4.1.A.4"", text: ""Embedded computers are devices that are part of a machine. Embedded devices have specific instruction sets for interfacing with the specialized components of the machine they're embedded in. Embedded computers tend to be slower and cheaper than other computers and have minimal storage."", parent: ""4.1.A""},"
4.1.A.5,"Everyday devices with embedded computers are often called Internet of Things (IoT) devices. Embedded computers are found in transportation (e.g., cars, trains, and airplanes), devices that operate critical infrastructure (e.g., operating circuit breakers at electrical substations and pumps at water treatment plants), medical equipment (e.g., IV pumps, MRI scanners, pacemakers, and insulin pumps), and everyday devices like washing machines, coffee makers, and thermostats.",4.1.A,"Everyday devices with embedded computers are often called Internet of Things (IoT) devices. Embedded computers are found in transportation (e.g., cars, trains, and airplanes), devices that operate critical infrastructure (e.g., operating circuit breakers at electrical substations and pumps at water treatment plants), medical equipment (e.g., IV pumps, MRI scanners, pacemakers, and insulin pumps), and everyday devices like washing machines, coffee makers, and thermostats.","{id: ""4.1.A.5"", text: ""Everyday devices with embedded computers are often called Internet of Things (IoT) devices. Embedded computers are found in transportation (e.g., cars, trains, and airplanes), devices that operate critical infrastructure (e.g., operating circuit breakers at electrical substations and pumps at water treatment plants), medical equipment (e.g., IV pumps, MRI scanners, pacemakers, and insulin pumps), and everyday devices like washing machines, coffee makers, and thermostats."", parent: ""4.1.A""},"
4.1.B,Identify the type of malware used in a cyberattack.,4.1,Identify the type of malware used in a cyberattack.,"{id: ""4.1.B"", text: ""Identify the type of malware used in a cyberattack."", parent: ""4.1""},"
4.1.B.1,"Malware is malicious software that can damage or destroy a device or network, or allow an adversary access to a device and the data on the device.",4.1.B,"Malware is malicious software that can damage or destroy a device or network, or allow an adversary access to a device and the data on the device.","{id: ""4.1.B.1"", text: ""Malware is malicious software that can damage or destroy a device or network, or allow an adversary access to a device and the data on the device."", parent: ""4.1.B""},"
4.1.B.2,"Malware is often used as a tool to accomplish part of an adversary's plan to achieve their ultimate goal(s). There are many types of malware, such as: • Viruses are malware that must be activated by a user executing or opening a file. • Worms spread from one computer to another without human interaction. • Trojans are malware embedded in other software that seems harmless. Remote access trojans (RATs) provide an adversary with remote access to the target system. • Ransomware encrypts a device's files, preventing the user from accessing files on the device. The ransomware typically presents the user with a screen demanding payment and promising to give the user a decryption key for their files if the user pays within a fixed amount of time. • Spyware tracks a user's actions on a computer and sends information back to an adversary. • A keylogger is software or hardware that logs the users keystrokes and sends the information back to the adversary. Adversaries can often extract usernames and passwords from keylogger data. • Logic bombs are set to trigger their effect only when a specific set of conditions are met; the conditions can include time and date, specific type or version of the operating system, character set the computer is using, etc. • A rootkit is sophisticated malware that gets into the target computer's operating system and can control nearly every aspect of the system, including making the rootkit itself invisible to detection.",4.1.B,"Malware is often used as a tool to accomplish part of an adversary's plan to achieve their ultimate goal(s). There are many types of malware, such as: • Viruses are malware that must be activated by a user executing or opening a file. • Worms spread from one computer to another without human interaction. • Trojans are malware embedded in other software that seems harmless. Remote access trojans (RATs) provide an adversary with remote access to the target system. • Ransomware encrypts a device's files, preventing the user from accessing files on the device. The ransomware typically presents the user with a screen demanding payment and promising to give the user a decryption key for their files if the user pays within a fixed amount of time. • Spyware tracks a user's actions on a computer and sends information back to an adversary. • A keylogger is software or hardware that logs the users keystrokes and sends the information back to the adversary. Adversaries can often extract usernames and passwords from keylogger data. • Logic bombs are set to trigger their effect only when a specific set of conditions are met; the conditions can include time and date, specific type or version of the operating system, character set the computer is using, etc. • A rootkit is sophisticated malware that gets into the target computer's operating system and can control nearly every aspect of the system, including making the rootkit itself invisible to detection.","{id: ""4.1.B.2"", text: ""Malware is often used as a tool to accomplish part of an adversary's plan to achieve their ultimate goal(s). There are many types of malware, such as: • Viruses are malware that must be activated by a user executing or opening a file. • Worms spread from one computer to another without human interaction. • Trojans are malware embedded in other software that seems harmless. Remote access trojans (RATs) provide an adversary with remote access to the target system. • Ransomware encrypts a device's files, preventing the user from accessing files on the device. The ransomware typically presents the user with a screen demanding payment and promising to give the user a decryption key for their files if the user pays within a fixed amount of time. • Spyware tracks a user's actions on a computer and sends information back to an adversary. • A keylogger is software or hardware that logs the users keystrokes and sends the information back to the adversary. Adversaries can often extract usernames and passwords from keylogger data. • Logic bombs are set to trigger their effect only when a specific set of conditions are met; the conditions can include time and date, specific type or version of the operating system, character set the computer is using, etc. • A rootkit is sophisticated malware that gets into the target computer's operating system and can control nearly every aspect of the system, including making the rootkit itself invisible to detection."", parent: ""4.1.B""},"
4.1.B.3,"While most malware is a file or a collection of files, fileless malware is malicious code that lives in RAM and uses legitimate programs already installed on a device to compromise it.",4.1.B,"While most malware is a file or a collection of files, fileless malware is malicious code that lives in RAM and uses legitimate programs already installed on a device to compromise it.","{id: ""4.1.B.3"", text: ""While most malware is a file or a collection of files, fileless malware is malicious code that lives in RAM and uses legitimate programs already installed on a device to compromise it."", parent: ""4.1.B""},"
4.1.C,"Explain how adversaries can exploit common device vulnerabilities to cause loss, damage, disruption, or destruction.",4.1,"Explain how adversaries can exploit common device vulnerabilities to cause loss, damage, disruption, or destruction.","{id: ""4.1.C"", text: ""Explain how adversaries can exploit common device vulnerabilities to cause loss, damage, disruption, or destruction."", parent: ""4.1""},"
4.1.C.1,"Adversaries can develop exploits for known vulnerabilities in software (including operating systems). Devices with unpatched software are vulnerable to these exploits, which could allow an adversary to crash a system, view user actions, enable or disable various services or components on the device (e.g. turning on a webcam or microphone), or even take control of the device to issue their own commands including commands to steal or destroy information on the device.",4.1.C,"Adversaries can develop exploits for known vulnerabilities in software (including operating systems). Devices with unpatched software are vulnerable to these exploits, which could allow an adversary to crash a system, view user actions, enable or disable various services or components on the device (e.g. turning on a webcam or microphone), or even take control of the device to issue their own commands including commands to steal or destroy information on the device.","{id: ""4.1.C.1"", text: ""Adversaries can develop exploits for known vulnerabilities in software (including operating systems). Devices with unpatched software are vulnerable to these exploits, which could allow an adversary to crash a system, view user actions, enable or disable various services or components on the device (e.g. turning on a webcam or microphone), or even take control of the device to issue their own commands including commands to steal or destroy information on the device."", parent: ""4.1.C""},"
4.1.C.2,Adversaries can take advantage of weak authentication requirements by guessing a user's password or using social engineering to get a user to divulge their password.,4.1.C,Adversaries can take advantage of weak authentication requirements by guessing a user's password or using social engineering to get a user to divulge their password.,"{id: ""4.1.C.2"", text: ""Adversaries can take advantage of weak authentication requirements by guessing a user's password or using social engineering to get a user to divulge their password."", parent: ""4.1.C""},"
4.1.C.3,"When systems don't have a password on the basic input output system (BIOS) or unified extensible firmware interface (UEFI), an adversary can boot a computer into a special mode (e.g., ""recovery mode"") that gives them higher-level privileges. Without BIOS or UEFI protection, adversaries can load their own operating system onto a device from an external drive and use specialized tools to alter or create user profiles, including changing user passwords.",4.1.C,"When systems don't have a password on the basic input output system (BIOS) or unified extensible firmware interface (UEFI), an adversary can boot a computer into a special mode (e.g., 'recovery mode') that gives them higher-level privileges. Without BIOS or UEFI protection, adversaries can load their own operating system onto a device from an external drive and use specialized tools to alter or create user profiles, including changing user passwords.","{id: ""4.1.C.3"", text: ""When systems don't have a password on the basic input output system (BIOS) or unified extensible firmware interface (UEFI), an adversary can boot a computer into a special mode (e.g., 'recovery mode') that gives them higher-level privileges. Without BIOS or UEFI protection, adversaries can load their own operating system onto a device from an external drive and use specialized tools to alter or create user profiles, including changing user passwords."", parent: ""4.1.C""},"
4.1.C.4,"Adversaries can load malware onto an external drive, and if autorun is enabled, then a device will run the malware when the external drive is inserted.",4.1.C,"Adversaries can load malware onto an external drive, and if autorun is enabled, then a device will run the malware when the external drive is inserted.","{id: ""4.1.C.4"", text: ""Adversaries can load malware onto an external drive, and if autorun is enabled, then a device will run the malware when the external drive is inserted."", parent: ""4.1.C""},"
4.1.C.5,Adversaries can leverage open ports to connect to a device.,4.1.C,Adversaries can leverage open ports to connect to a device.,"{id: ""4.1.C.5"", text: ""Adversaries can leverage open ports to connect to a device."", parent: ""4.1.C""},"
4.1.C.6,Adversaries can send malicious data to devices to disrupt them or attempt to take control of them. Devices that have no firewall (or a misconfigured firewall) cannot filter out this malicious data.,4.1.C,Adversaries can send malicious data to devices to disrupt them or attempt to take control of them. Devices that have no firewall (or a misconfigured firewall) cannot filter out this malicious data.,"{id: ""4.1.C.6"", text: ""Adversaries can send malicious data to devices to disrupt them or attempt to take control of them. Devices that have no firewall (or a misconfigured firewall) cannot filter out this malicious data."", parent: ""4.1.C""},"
4.1.C.7,Adversaries often attempt to install malware on a device to disrupt or control it. Devices lacking anti-malware software are more vulnerable to this type of attack.,4.1.C,Adversaries often attempt to install malware on a device to disrupt or control it. Devices lacking anti-malware software are more vulnerable to this type of attack.,"{id: ""4.1.C.7"", text: ""Adversaries often attempt to install malware on a device to disrupt or control it. Devices lacking anti-malware software are more vulnerable to this type of attack."", parent: ""4.1.C""},"
4.1.D,Assess and document risks from device vulnerabilities.,4.1,Assess and document risks from device vulnerabilities.,"{id: ""4.1.D"", text: ""Assess and document risks from device vulnerabilities."", parent: ""4.1""},"
4.1.D.1,"Risk from device vulnerabilities can come from unauthorized access or malware that allow an adversary to impersonate an authorized user, remotely control a device, encrypt a device's drive to ransom the data, or wipe a device's memory, destroying data or rendering the device inoperable. The level of risk varies depending on the criticality of the device or the services the device provides or data it stores.",4.1.D,"Risk from device vulnerabilities can come from unauthorized access or malware that allow an adversary to impersonate an authorized user, remotely control a device, encrypt a device's drive to ransom the data, or wipe a device's memory, destroying data or rendering the device inoperable. The level of risk varies depending on the criticality of the device or the services the device provides or data it stores.","{id: ""4.1.D.1"", text: ""Risk from device vulnerabilities can come from unauthorized access or malware that allow an adversary to impersonate an authorized user, remotely control a device, encrypt a device's drive to ransom the data, or wipe a device's memory, destroying data or rendering the device inoperable. The level of risk varies depending on the criticality of the device or the services the device provides or data it stores."", parent: ""4.1.D""},"
4.1.D.2,High risks from device vulnerabilities involve potentially compromising sensitive data or critical operations.,4.1.D,High risks from device vulnerabilities involve potentially compromising sensitive data or critical operations.,"{id: ""4.1.D.2"", text: ""High risks from device vulnerabilities involve potentially compromising sensitive data or critical operations."", parent: ""4.1.D""},"
4.1.D.3,Moderate risks from device vulnerabilities can arise from weak authentication requirements or from vulnerabilities that would be less likely to be exploited.,4.1.D,Moderate risks from device vulnerabilities can arise from weak authentication requirements or from vulnerabilities that would be less likely to be exploited.,"{id: ""4.1.D.3"", text: ""Moderate risks from device vulnerabilities can arise from weak authentication requirements or from vulnerabilities that would be less likely to be exploited."", parent: ""4.1.D""},"
4.1.D.4,"Low risks from device vulnerabilities are typically related to vulnerabilities that, if exploited, would have little impact.",4.1.D,"Low risks from device vulnerabilities are typically related to vulnerabilities that, if exploited, would have little impact.","{id: ""4.1.D.4"", text: ""Low risks from device vulnerabilities are typically related to vulnerabilities that, if exploited, would have little impact."", parent: ""4.1.D""},"
4.2.A,"Explain why hashes (also called hash outputs, checksums, message digests, or digests) are used to store passwords.",4.2,"Explain why hashes (also called hash outputs, checksums, message digests, or digests) are used to store passwords.","{id: ""4.2.A"", text: ""Explain why hashes (also called hash outputs, checksums, message digests, or digests) are used to store passwords."", parent: ""4.2""},"
4.2.A.1,"A cryptographic hash function (also called a message digest function) is a mathematical algorithm that takes binary data of an arbitrary length, processes it according to a set of instructions, and outputs a fixed-length binary string called the hash (or checksum or message digest). Well known cryptographic hashes include: • MD5 • SHA-1, SHA-256, SHA-512 (SHA stands for Secure Hash Algorithm) • NTHash • RIPEMD-160",4.2.A,"A cryptographic hash function (also called a message digest function) is a mathematical algorithm that takes binary data of an arbitrary length, processes it according to a set of instructions, and outputs a fixed-length binary string called the hash (or checksum or message digest). Well known cryptographic hashes include: • MD5 • SHA-1, SHA-256, SHA-512 (SHA stands for Secure Hash Algorithm) • NTHash • RIPEMD-160","{id: ""4.2.A.1"", text: ""A cryptographic hash function (also called a message digest function) is a mathematical algorithm that takes binary data of an arbitrary length, processes it according to a set of instructions, and outputs a fixed-length binary string called the hash (or checksum or message digest). Well known cryptographic hashes include: • MD5 • SHA-1, SHA-256, SHA-512 (SHA stands for Secure Hash Algorithm) • NTHash • RIPEMD-160"", parent: ""4.2.A""},"
4.2.A.2,"An $n$-bit hash has $2^n$ possible outputs. The number of inputs is infinite, and so inevitably two different inputs will produce the same hash. This is called a collision.",4.2.A,"An $n$-bit hash has $2^n$ possible outputs. The number of inputs is infinite, and so inevitably two different inputs will produce the same hash. This is called a collision.","{id: ""4.2.A.2"", text: ""An $n$-bit hash has $2^n$ possible outputs. The number of inputs is infinite, and so inevitably two different inputs will produce the same hash. This is called a collision."", parent: ""4.2.A""},"
4.2.A.3,"Cryptographic hash functions have the following properties: • Hashes are collision resistant; it is difficult to find two different inputs to the same hash function that produce the same output. • Hashes have pre-image resistance; given a hash, it is infeasible to figure out the input that generated the hash. • Hashes are repeatable; the same input will always produce the same hash. • Hashes have a fixed length; the length in bits of the hash for a specific hash function is constant regardless of the size of the input.",4.2.A,"Cryptographic hash functions have the following properties: • Hashes are collision resistant; it is difficult to find two different inputs to the same hash function that produce the same output. • Hashes have pre-image resistance; given a hash, it is infeasible to figure out the input that generated the hash. • Hashes are repeatable; the same input will always produce the same hash. • Hashes have a fixed length; the length in bits of the hash for a specific hash function is constant regardless of the size of the input.","{id: ""4.2.A.3"", text: ""Cryptographic hash functions have the following properties: • Hashes are collision resistant; it is difficult to find two different inputs to the same hash function that produce the same output. • Hashes have pre-image resistance; given a hash, it is infeasible to figure out the input that generated the hash. • Hashes are repeatable; the same input will always produce the same hash. • Hashes have a fixed length; the length in bits of the hash for a specific hash function is constant regardless of the size of the input."", parent: ""4.2.A""},"
4.2.A.4,"Adversaries try to compromise hashing functions by forcing collisions in their output. If an efficient algorithm exists to force a collision for a specific hash function, then that hash function will be deprecated (no longer used in secure settings). MD5 and SHA1 are examples of deprecated hash functions.",4.2.A,"Adversaries try to compromise hashing functions by forcing collisions in their output. If an efficient algorithm exists to force a collision for a specific hash function, then that hash function will be deprecated (no longer used in secure settings). MD5 and SHA1 are examples of deprecated hash functions.","{id: ""4.2.A.4"", text: ""Adversaries try to compromise hashing functions by forcing collisions in their output. If an efficient algorithm exists to force a collision for a specific hash function, then that hash function will be deprecated (no longer used in secure settings). MD5 and SHA1 are examples of deprecated hash functions."", parent: ""4.2.A""},"
4.2.A.5,"Password-based authentication services shouldn't store passwords in plaintext, so that if an adversary gains access to the user:password directory they won't immediately know the passwords for all users. Instead, user passwords should be hashed and the hash stored in a database. When a user enters their password, it is hashed, and the hash is compared to the hash stored on file. If the hashes match, then the user is authenticated.",4.2.A,"Password-based authentication services shouldn't store passwords in plaintext, so that if an adversary gains access to the user:password directory they won't immediately know the passwords for all users. Instead, user passwords should be hashed and the hash stored in a database. When a user enters their password, it is hashed, and the hash is compared to the hash stored on file. If the hashes match, then the user is authenticated.","{id: ""4.2.A.5"", text: ""Password-based authentication services shouldn't store passwords in plaintext, so that if an adversary gains access to the user:password directory they won't immediately know the passwords for all users. Instead, user passwords should be hashed and the hash stored in a database. When a user enters their password, it is hashed, and the hash is compared to the hash stored on file. If the hashes match, then the user is authenticated."", parent: ""4.2.A""},"
4.2.A.6,"If two users had the same password, then their passwords would have identical hashes in the user:password directory. To prevent this, a few random bits (called salt) are hashed with a user's password to generate the hash. Each user's salt is unique, so even if two users have the same password they will have a different password hash because they have different salt.",4.2.A,"If two users had the same password, then their passwords would have identical hashes in the user:password directory. To prevent this, a few random bits (called salt) are hashed with a user's password to generate the hash. Each user's salt is unique, so even if two users have the same password they will have a different password hash because they have different salt.","{id: ""4.2.A.6"", text: ""If two users had the same password, then their passwords would have identical hashes in the user:password directory. To prevent this, a few random bits (called salt) are hashed with a user's password to generate the hash. Each user's salt is unique, so even if two users have the same password they will have a different password hash because they have different salt."", parent: ""4.2.A""},"
4.2.B,Explain how password attacks exploit vulnerabilities.,4.2,Explain how password attacks exploit vulnerabilities.,"{id: ""4.2.B"", text: ""Explain how password attacks exploit vulnerabilities."", parent: ""4.2""},"
4.2.B.1,"If an adversary can compromise the password of a legitimate user, and that user's organization has not enabled MFA or other authentication protections, then the adversary can act within that organization with all the access and rights available to the user.",4.2.B,"If an adversary can compromise the password of a legitimate user, and that user's organization has not enabled MFA or other authentication protections, then the adversary can act within that organization with all the access and rights available to the user.","{id: ""4.2.B.1"", text: ""If an adversary can compromise the password of a legitimate user, and that user's organization has not enabled MFA or other authentication protections, then the adversary can act within that organization with all the access and rights available to the user."", parent: ""4.2.B""},"
4.2.B.2,Password attacks can be classified as online or offline. • Online password attacks attempt user:password combinations in an active authentication portal. • Offline password attacks have captured a user:password database and can run password attacks against the database on their own computer. This method bypasses any account lock out protections that may be in place.,4.2.B,Password attacks can be classified as online or offline. • Online password attacks attempt user:password combinations in an active authentication portal. • Offline password attacks have captured a user:password database and can run password attacks against the database on their own computer. This method bypasses any account lock out protections that may be in place.,"{id: ""4.2.B.2"", text: ""Password attacks can be classified as online or offline. • Online password attacks attempt user:password combinations in an active authentication portal. • Offline password attacks have captured a user:password database and can run password attacks against the database on their own computer. This method bypasses any account lock out protections that may be in place."", parent: ""4.2.B""},"
4.2.B.3,"Many users reuse the same passwords (or variations of the same password) for all the services and accounts they have, despite warnings not to. When an organization's user database is stolen, the usernames, emails, and passwords are sold to adversaries or posted online. Adversaries often begin an attempt to compromise an account by trying stolen or leaked credentials for a target individual.",4.2.B,"Many users reuse the same passwords (or variations of the same password) for all the services and accounts they have, despite warnings not to. When an organization's user database is stolen, the usernames, emails, and passwords are sold to adversaries or posted online. Adversaries often begin an attempt to compromise an account by trying stolen or leaked credentials for a target individual.","{id: ""4.2.B.3"", text: ""Many users reuse the same passwords (or variations of the same password) for all the services and accounts they have, despite warnings not to. When an organization's user database is stolen, the usernames, emails, and passwords are sold to adversaries or posted online. Adversaries often begin an attempt to compromise an account by trying stolen or leaked credentials for a target individual."", parent: ""4.2.B""},"
4.2.B.4,"Many users set passwords that are easy to guess, and adversaries will attempt to guess common passwords for a user's account. Password spraying is an attack where an adversary attempts a common password against many different user accounts.",4.2.B,"Many users set passwords that are easy to guess, and adversaries will attempt to guess common passwords for a user's account. Password spraying is an attack where an adversary attempts a common password against many different user accounts.","{id: ""4.2.B.4"", text: ""Many users set passwords that are easy to guess, and adversaries will attempt to guess common passwords for a user's account. Password spraying is an attack where an adversary attempts a common password against many different user accounts."", parent: ""4.2.B""},"
4.2.B.5,"Some services and devices (e.g., switches, routers, and IoT devices) are preconfigured with a default administrative user and password. Credential stuffing is an attack where an adversary attempts to gain access to these services or devices using common default credentials or account credentials that have been stolen.",4.2.B,"Some services and devices (e.g., switches, routers, and IoT devices) are preconfigured with a default administrative user and password. Credential stuffing is an attack where an adversary attempts to gain access to these services or devices using common default credentials or account credentials that have been stolen.","{id: ""4.2.B.5"", text: ""Some services and devices (e.g., switches, routers, and IoT devices) are preconfigured with a default administrative user and password. Credential stuffing is an attack where an adversary attempts to gain access to these services or devices using common default credentials or account credentials that have been stolen."", parent: ""4.2.B""},"
4.2.B.6,"Offline password attacks use automated hash-cracking tools to hash possible passwords and compare them against a captured hash. Although hashes can't be reversed, an adversary can use these tools to hash many potential passwords and compare them to the target hash. If an adversary finds a hash that matches, they can use the password that generated the hash to login to the user's account. Offline attacks include: • Brute force attacks, where an adversary uses an automated tool to test all the potential passwords that a user could have • Dictionary attacks, where an adversary uses an automated tool to test a list of common passwords",4.2.B,"Offline password attacks use automated hash-cracking tools to hash possible passwords and compare them against a captured hash. Although hashes can't be reversed, an adversary can use these tools to hash many potential passwords and compare them to the target hash. If an adversary finds a hash that matches, they can use the password that generated the hash to login to the user's account. Offline attacks include: • Brute force attacks, where an adversary uses an automated tool to test all the potential passwords that a user could have • Dictionary attacks, where an adversary uses an automated tool to test a list of common passwords","{id: ""4.2.B.6"", text: ""Offline password attacks use automated hash-cracking tools to hash possible passwords and compare them against a captured hash. Although hashes can't be reversed, an adversary can use these tools to hash many potential passwords and compare them to the target hash. If an adversary finds a hash that matches, they can use the password that generated the hash to login to the user's account. Offline attacks include: • Brute force attacks, where an adversary uses an automated tool to test all the potential passwords that a user could have • Dictionary attacks, where an adversary uses an automated tool to test a list of common passwords"", parent: ""4.2.B""},"
4.2.B.7,"A rainbow table attack uses a list of common passwords to generate a rainbow table. A rainbow table is a table that contains each potential password and its hash. The table is then sorted by the hashes, and the adversary uses an automated tool to search the list of hashes for the captured hash. If the hashes match, then the adversary has found a password that generates the same hash, and the password will allow the adversary to login to the user's account.",4.2.B,"A rainbow table attack uses a list of common passwords to generate a rainbow table. A rainbow table is a table that contains each potential password and its hash. The table is then sorted by the hashes, and the adversary uses an automated tool to search the list of hashes for the captured hash. If the hashes match, then the adversary has found a password that generates the same hash, and the password will allow the adversary to login to the user's account.","{id: ""4.2.B.7"", text: ""A rainbow table attack uses a list of common passwords to generate a rainbow table. A rainbow table is a table that contains each potential password and its hash. The table is then sorted by the hashes, and the adversary uses an automated tool to search the list of hashes for the captured hash. If the hashes match, then the adversary has found a password that generates the same hash, and the password will allow the adversary to login to the user's account."", parent: ""4.2.B""},"
4.2.C,Determine the type of authentication used to verify the identity of a user.,4.2,Determine the type of authentication used to verify the identity of a user.,"{id: ""4.2.C"", text: ""Determine the type of authentication used to verify the identity of a user."", parent: ""4.2""},"
4.2.C.1,Authentication mechanisms are technical controls that verify the identity of a user to ensure that only authorized users access a system. The proof the user provides to identify themselves is called a factor. Common authentication factors include: • Something the user knows (knowledge factor) • Something the user has (possession factor) • Something the user is (biometric factor) • Somewhere the user is (location factor),4.2.C,Authentication mechanisms are technical controls that verify the identity of a user to ensure that only authorized users access a system. The proof the user provides to identify themselves is called a factor. Common authentication factors include: • Something the user knows (knowledge factor) • Something the user has (possession factor) • Something the user is (biometric factor) • Somewhere the user is (location factor),"{id: ""4.2.C.1"", text: ""Authentication mechanisms are technical controls that verify the identity of a user to ensure that only authorized users access a system. The proof the user provides to identify themselves is called a factor. Common authentication factors include: • Something the user knows (knowledge factor) • Something the user has (possession factor) • Something the user is (biometric factor) • Somewhere the user is (location factor)"", parent: ""4.2.C""},"
4.2.C.2,"Knowledge factors can be passwords, PINs, or answers to preselected challenge questions. For a knowledge factor to be effective it needs to be something an adversary can't easily guess; however, knowledge factors that are difficult for an adversary to figure out can also be harder for a user to remember.",4.2.C,"Knowledge factors can be passwords, PINs, or answers to preselected challenge questions. For a knowledge factor to be effective it needs to be something an adversary can't easily guess; however, knowledge factors that are difficult for an adversary to figure out can also be harder for a user to remember.","{id: ""4.2.C.2"", text: ""Knowledge factors can be passwords, PINs, or answers to preselected challenge questions. For a knowledge factor to be effective it needs to be something an adversary can't easily guess; however, knowledge factors that are difficult for an adversary to figure out can also be harder for a user to remember."", parent: ""4.2.C""},"
4.2.C.3,"A possession factor is an object a user has that is unique to them, such as an access card, a bank card, a cell phone, or an authentication token. The more difficult it is for an adversary to obtain the object (or a copy of it), the more secure the possession factor is.",4.2.C,"A possession factor is an object a user has that is unique to them, such as an access card, a bank card, a cell phone, or an authentication token. The more difficult it is for an adversary to obtain the object (or a copy of it), the more secure the possession factor is.","{id: ""4.2.C.3"", text: ""A possession factor is an object a user has that is unique to them, such as an access card, a bank card, a cell phone, or an authentication token. The more difficult it is for an adversary to obtain the object (or a copy of it), the more secure the possession factor is."", parent: ""4.2.C""},"
4.2.C.4,"Biometric factors measure features of the human body and can include fingerprints, palm prints, facial recognition, iris or retina scans, or voice identification. Biometric factors are difficult for an adversary to duplicate because they are unique to an individual.",4.2.C,"Biometric factors measure features of the human body and can include fingerprints, palm prints, facial recognition, iris or retina scans, or voice identification. Biometric factors are difficult for an adversary to duplicate because they are unique to an individual.","{id: ""4.2.C.4"", text: ""Biometric factors measure features of the human body and can include fingerprints, palm prints, facial recognition, iris or retina scans, or voice identification. Biometric factors are difficult for an adversary to duplicate because they are unique to an individual."", parent: ""4.2.C""},"
4.2.C.5,"Location factors use information about Wi-Fi signals, GPS data, time zone settings, and even IP address information to make determinations about location. Rules can be established for allowing or denying access based on a location factor.",4.2.C,"Location factors use information about Wi-Fi signals, GPS data, time zone settings, and even IP address information to make determinations about location. Rules can be established for allowing or denying access based on a location factor.","{id: ""4.2.C.5"", text: ""Location factors use information about Wi-Fi signals, GPS data, time zone settings, and even IP address information to make determinations about location. Rules can be established for allowing or denying access based on a location factor."", parent: ""4.2.C""},"
4.2.C.6,Multifactor authentication (MFA) is when a system uses more than one factor to authenticate a user. MFA is more secure than single-factor authentication because it requires the user to provide at least two separate factors of authentication.,4.2.C,Multifactor authentication (MFA) is when a system uses more than one factor to authenticate a user. MFA is more secure than single-factor authentication because it requires the user to provide at least two separate factors of authentication.,"{id: ""4.2.C.6"", text: ""Multifactor authentication (MFA) is when a system uses more than one factor to authenticate a user. MFA is more secure than single-factor authentication because it requires the user to provide at least two separate factors of authentication."", parent: ""4.2.C""},"
4.2.D,Configure login settings to make a device more secure.,4.2,Configure login settings to make a device more secure.,"{id: ""4.2.D"", text: ""Configure login settings to make a device more secure."", parent: ""4.2""},"
4.2.D.1,"Requiring complexity in passwords is a login setting that can be configured. When enabled, users setting a new password must include at least one character from each character set. Passwords with characters from each character set are significantly harder for an adversary to crack than passwords that use characters from only one or two character sets. The main character sets often required are: • Uppercase letters (A-Z) • Lowercase letters (a-z) • Numeric digits (0‚-9) • Special characters (!""#$%&'()*+,-./:;<=>?@[ \ ] ^_`{|}~)",4.2.D,"Requiring complexity in passwords is a login setting that can be configured. When enabled, users setting a new password must include at least one character from each character set. Passwords with characters from each character set are significantly harder for an adversary to crack than passwords that use characters from only one or two character sets. The main character sets often required are: • Uppercase letters (A-Z) • Lowercase letters (a-z) • Numeric digits (0‚-9) • Special characters (!'#$%&'()*+,-./:;<=>?@[ \ ] ^_`{|}~)","{id: ""4.2.D.1"", text: ""Requiring complexity in passwords is a login setting that can be configured. When enabled, users setting a new password must include at least one character from each character set. Passwords with characters from each character set are significantly harder for an adversary to crack than passwords that use characters from only one or two character sets. The main character sets often required are: • Uppercase letters (A-Z) • Lowercase letters (a-z) • Numeric digits (0‚-9) • Special characters (!'#$%&'()*+,-./:;<=>?@[ \ ] ^_`{|}~)"", parent: ""4.2.D""},"
4.2.D.2,"Requiring a minimum password length is a login setting that can be configured. This means that users must have at least a certain number of characters in their password. The longer and more complex a password is, the longer it will take a digital tool to crack the password.",4.2.D,"Requiring a minimum password length is a login setting that can be configured. This means that users must have at least a certain number of characters in their password. The longer and more complex a password is, the longer it will take a digital tool to crack the password.","{id: ""4.2.D.2"", text: ""Requiring a minimum password length is a login setting that can be configured. This means that users must have at least a certain number of characters in their password. The longer and more complex a password is, the longer it will take a digital tool to crack the password."", parent: ""4.2.D""},"
4.2.D.3,"Requiring a maximum password age is a login setting that can be configured. When configured, users will receive a prompt to change their password a certain number of days after their last password change, usually every 90 or 120 days. If a user's password has been compromised, changing it could prevent an adversary from gaining access to the user's account. However, some national standards recommend that organizations not require users to change their passwords on predefined intervals to discourage users from developing password patterns (e.g., PasswordFall2028).",4.2.D,"Requiring a maximum password age is a login setting that can be configured. When configured, users will receive a prompt to change their password a certain number of days after their last password change, usually every 90 or 120 days. If a user's password has been compromised, changing it could prevent an adversary from gaining access to the user's account. However, some national standards recommend that organizations not require users to change their passwords on predefined intervals to discourage users from developing password patterns (e.g., PasswordFall2028).","{id: ""4.2.D.3"", text: ""Requiring a maximum password age is a login setting that can be configured. When configured, users will receive a prompt to change their password a certain number of days after their last password change, usually every 90 or 120 days. If a user's password has been compromised, changing it could prevent an adversary from gaining access to the user's account. However, some national standards recommend that organizations not require users to change their passwords on predefined intervals to discourage users from developing password patterns (e.g., PasswordFall2028)."", parent: ""4.2.D""},"
4.2.D.4,Requiring the system to store a certain number of previous user passwords is a login setting that can be configured. This prevents a user from reusing a password. Many organizations store users' previous 5-10 password hashes to prevent reuse.,4.2.D,Requiring the system to store a certain number of previous user passwords is a login setting that can be configured. This prevents a user from reusing a password. Many organizations store users' previous 5-10 password hashes to prevent reuse.,"{id: ""4.2.D.4"", text: ""Requiring the system to store a certain number of previous user passwords is a login setting that can be configured. This prevents a user from reusing a password. Many organizations store users' previous 5-10 password hashes to prevent reuse."", parent: ""4.2.D""},"
4.2.D.5,Requiring a lockout period after a certain number of invalid login attempts is a login setting that can be configured. This prevents an adversary from continuously randomly attempting wrong passwords. Many organizations lock a user's account after 3-5 invalid login attempts. The period of the lockout varies.,4.2.D,Requiring a lockout period after a certain number of invalid login attempts is a login setting that can be configured. This prevents an adversary from continuously randomly attempting wrong passwords. Many organizations lock a user's account after 3-5 invalid login attempts. The period of the lockout varies.,"{id: ""4.2.D.5"", text: ""Requiring a lockout period after a certain number of invalid login attempts is a login setting that can be configured. This prevents an adversary from continuously randomly attempting wrong passwords. Many organizations lock a user's account after 3-5 invalid login attempts. The period of the lockout varies."", parent: ""4.2.D""},"
4.3.A,Identify managerial controls related to device security.,4.3,Identify managerial controls related to device security.,"{id: ""4.3.A"", text: ""Identify managerial controls related to device security."", parent: ""4.3""},"
4.3.A.1,"An acceptable use policy will describe the range of activities that are permissible, prohibited, or required by users on devices owned by an organization and may include: • Prohibiting users from accessing specific websites or types of websites (e.g., social media or gaming) • Requiring users to keep software updated • Allowing users to connect peripheral devices • Prohibiting users from connecting external drives or media",4.3.A,"An acceptable use policy will describe the range of activities that are permissible, prohibited, or required by users on devices owned by an organization and may include: • Prohibiting users from accessing specific websites or types of websites (e.g., social media or gaming) • Requiring users to keep software updated • Allowing users to connect peripheral devices • Prohibiting users from connecting external drives or media","{id: ""4.3.A.1"", text: ""An acceptable use policy will describe the range of activities that are permissible, prohibited, or required by users on devices owned by an organization and may include: • Prohibiting users from accessing specific websites or types of websites (e.g., social media or gaming) • Requiring users to keep software updated • Allowing users to connect peripheral devices • Prohibiting users from connecting external drives or media"", parent: ""4.3.A""},"
4.3.A.2,"A password policy will detail the requirements for user passwords within an organization and may include: • A minimum or maximum password length • A minimum or maximum amount of time a user may keep the same password • A prohibition of password reuse • Rules for password construction (e.g., no dictionary words and character set requirements) • A suggestion to use secure password management tools instead of writing passwords down",4.3.A,"A password policy will detail the requirements for user passwords within an organization and may include: • A minimum or maximum password length • A minimum or maximum amount of time a user may keep the same password • A prohibition of password reuse • Rules for password construction (e.g., no dictionary words and character set requirements) • A suggestion to use secure password management tools instead of writing passwords down","{id: ""4.3.A.2"", text: ""A password policy will detail the requirements for user passwords within an organization and may include: • A minimum or maximum password length • A minimum or maximum amount of time a user may keep the same password • A prohibition of password reuse • Rules for password construction (e.g., no dictionary words and character set requirements) • A suggestion to use secure password management tools instead of writing passwords down"", parent: ""4.3.A""},"
4.3.A.3,"A software installation policy will describe what (if any) software users are allowed to install on their devices and usually also a process for users to request specialized software they may need to perform their role, and it may include: • A prohibition against users installing software on their devices • A process for users to request new software needed for their role • A list of approved software for users",4.3.A,"A software installation policy will describe what (if any) software users are allowed to install on their devices and usually also a process for users to request specialized software they may need to perform their role, and it may include: • A prohibition against users installing software on their devices • A process for users to request new software needed for their role • A list of approved software for users","{id: ""4.3.A.3"", text: ""A software installation policy will describe what (if any) software users are allowed to install on their devices and usually also a process for users to request specialized software they may need to perform their role, and it may include: • A prohibition against users installing software on their devices • A process for users to request new software needed for their role • A list of approved software for users"", parent: ""4.3.A""},"
4.3.B,Explain how antimalware software can make a device more secure.,4.3,Explain how antimalware software can make a device more secure.,"{id: ""4.3.B"", text: ""Explain how antimalware software can make a device more secure."", parent: ""4.3""},"
4.3.B.1,"Anti-malware software (sometimes called antivirus software) has tools to quarantine and remove malware that can corrupt, spy on, or destroy a system. Malware contains indicators that make it detectable; these indicators are called signatures.",4.3.B,"Anti-malware software (sometimes called antivirus software) has tools to quarantine and remove malware that can corrupt, spy on, or destroy a system. Malware contains indicators that make it detectable; these indicators are called signatures.","{id: ""4.3.B.1"", text: ""Anti-malware software (sometimes called antivirus software) has tools to quarantine and remove malware that can corrupt, spy on, or destroy a system. Malware contains indicators that make it detectable; these indicators are called signatures."", parent: ""4.3.B""},"
4.3.B.2,"Anti-malware software has a database of malware signatures. It periodically scans the files on a device and checks to see if any of the files match any of the signatures in its database. If there is a match, the software quarantines and removes the malicious files.",4.3.B,"Anti-malware software has a database of malware signatures. It periodically scans the files on a device and checks to see if any of the files match any of the signatures in its database. If there is a match, the software quarantines and removes the malicious files.","{id: ""4.3.B.2"", text: ""Anti-malware software has a database of malware signatures. It periodically scans the files on a device and checks to see if any of the files match any of the signatures in its database. If there is a match, the software quarantines and removes the malicious files."", parent: ""4.3.B""},"
4.3.C,Explain why keeping a device's operating system and software updated makes it more secure.,4.3,Explain why keeping a device's operating system and software updated makes it more secure.,"{id: ""4.3.C"", text: ""Explain why keeping a device's operating system and software updated makes it more secure."", parent: ""4.3""},"
4.3.C.1,"When vulnerabilities in operating systems and software are found, the vendor or organization that maintains the operating system software will fix it and send an update. A small update is called a patch.",4.3.C,"When vulnerabilities in operating systems and software are found, the vendor or organization that maintains the operating system software will fix it and send an update. A small update is called a patch.","{id: ""4.3.C.1"", text: ""When vulnerabilities in operating systems and software are found, the vendor or organization that maintains the operating system software will fix it and send an update. A small update is called a patch."", parent: ""4.3.C""},"
4.3.C.2,Ensuring that a computer's operating system and software applications are updated to the most recent version prevents adversaries from taking advantage of a known vulnerability.,4.3.C,Ensuring that a computer's operating system and software applications are updated to the most recent version prevents adversaries from taking advantage of a known vulnerability.,"{id: ""4.3.C.2"", text: ""Ensuring that a computer's operating system and software applications are updated to the most recent version prevents adversaries from taking advantage of a known vulnerability."", parent: ""4.3.C""},"
4.3.D,Configure a hostbased firewall.,4.3,Configure a hostbased firewall.,"{id: ""4.3.D"", text: ""Configure a hostbased firewall."", parent: ""4.3""},"
4.3.D.1,Host-based firewalls allow or deny traffic into or out of a single device. This provides an extra layer of security in case a host is connected to a compromised network.,4.3.D,Host-based firewalls allow or deny traffic into or out of a single device. This provides an extra layer of security in case a host is connected to a compromised network.,"{id: ""4.3.D.1"", text: ""Host-based firewalls allow or deny traffic into or out of a single device. This provides an extra layer of security in case a host is connected to a compromised network."", parent: ""4.3.D""},"
4.3.D.2,"A host-based firewall is software that runs on a device and follows a set of rules (an ACL) like a network-based firewall. Firewall rules are implemented in order, applying the first rule that matches.",4.3.D,"A host-based firewall is software that runs on a device and follows a set of rules (an ACL) like a network-based firewall. Firewall rules are implemented in order, applying the first rule that matches.","{id: ""4.3.D.2"", text: ""A host-based firewall is software that runs on a device and follows a set of rules (an ACL) like a network-based firewall. Firewall rules are implemented in order, applying the first rule that matches."", parent: ""4.3.D""},"
4.3.D.3,A host-based firewall can also block specified types of outbound traffic. Host-based firewalls should always block ports or services not needed for a given device.,4.3.D,A host-based firewall can also block specified types of outbound traffic. Host-based firewalls should always block ports or services not needed for a given device.,"{id: ""4.3.D.3"", text: ""A host-based firewall can also block specified types of outbound traffic. Host-based firewalls should always block ports or services not needed for a given device."", parent: ""4.3.D""},"
4.3.D.4,"The rules for a host-based firewall can allow or deny traffic based on source or destination port or IP address, service, protocol, or application.",4.3.D,"The rules for a host-based firewall can allow or deny traffic based on source or destination port or IP address, service, protocol, or application.","{id: ""4.3.D.4"", text: ""The rules for a host-based firewall can allow or deny traffic based on source or destination port or IP address, service, protocol, or application."", parent: ""4.3.D""},"
4.4.A,Explain how to detect attacks against devices.,4.4,Explain how to detect attacks against devices.,"{id: ""4.4.A"", text: ""Explain how to detect attacks against devices."", parent: ""4.4""},"
4.4.A.1,"System processes and settings, login attempts, file download attempts, and user actions are logged by computing systems. These logs can be used to reconstruct circumstances leading up to and during a cyber incident.",4.4.A,"System processes and settings, login attempts, file download attempts, and user actions are logged by computing systems. These logs can be used to reconstruct circumstances leading up to and during a cyber incident.","{id: ""4.4.A.1"", text: ""System processes and settings, login attempts, file download attempts, and user actions are logged by computing systems. These logs can be used to reconstruct circumstances leading up to and during a cyber incident."", parent: ""4.4.A""},"
4.4.A.2,An indicator of compromise (IoC) is evidence that an adversary has compromised a device or network.,4.4.A,An indicator of compromise (IoC) is evidence that an adversary has compromised a device or network.,"{id: ""4.4.A.2"", text: ""An indicator of compromise (IoC) is evidence that an adversary has compromised a device or network."", parent: ""4.4.A""},"
4.4.A.3,Authentication logs (or auth logs) record every attempted login on a system. Analysis of authentication logs can reveal attempted attacks.,4.4.A,Authentication logs (or auth logs) record every attempted login on a system. Analysis of authentication logs can reveal attempted attacks.,"{id: ""4.4.A.3"", text: ""Authentication logs (or auth logs) record every attempted login on a system. Analysis of authentication logs can reveal attempted attacks."", parent: ""4.4.A""},"
4.4.A.4,"Host-based IoCs are discovered when analyzing logs and configuration settings. Indicators, such as the following, can be found in authentication logs, user activity logs, and system configuration files: • Unusual files being created or modified • Unexpected processes or services • Unauthorized changes to system configuration settings • Unauthorized software installation or update",4.4.A,"Host-based IoCs are discovered when analyzing logs and configuration settings. Indicators, such as the following, can be found in authentication logs, user activity logs, and system configuration files: • Unusual files being created or modified • Unexpected processes or services • Unauthorized changes to system configuration settings • Unauthorized software installation or update","{id: ""4.4.A.4"", text: ""Host-based IoCs are discovered when analyzing logs and configuration settings. Indicators, such as the following, can be found in authentication logs, user activity logs, and system configuration files: • Unusual files being created or modified • Unexpected processes or services • Unauthorized changes to system configuration settings • Unauthorized software installation or update"", parent: ""4.4.A""},"
4.4.A.5,File-based IoCs are discovered when analyzing files on a device. Indicators are usually found in executable files and can include: • Files whose hash matches known malware • File names that are known to be created by a certain piece of malware • File paths that are associated with malicious activity,4.4.A,File-based IoCs are discovered when analyzing files on a device. Indicators are usually found in executable files and can include: • Files whose hash matches known malware • File names that are known to be created by a certain piece of malware • File paths that are associated with malicious activity,"{id: ""4.4.A.5"", text: ""File-based IoCs are discovered when analyzing files on a device. Indicators are usually found in executable files and can include: • Files whose hash matches known malware • File names that are known to be created by a certain piece of malware • File paths that are associated with malicious activity"", parent: ""4.4.A""},"
4.4.A.6,Behavior-based IoCs are discovered when analyzing logs. Indicators can be found in authentication logs and access logs and can include: • Multiple failed login attempts • Unusual login times or locations • Unauthorized attempts to access sensitive data • Attempts to elevate user privileges on a system,4.4.A,Behavior-based IoCs are discovered when analyzing logs. Indicators can be found in authentication logs and access logs and can include: • Multiple failed login attempts • Unusual login times or locations • Unauthorized attempts to access sensitive data • Attempts to elevate user privileges on a system,"{id: ""4.4.A.6"", text: ""Behavior-based IoCs are discovered when analyzing logs. Indicators can be found in authentication logs and access logs and can include: • Multiple failed login attempts • Unusual login times or locations • Unauthorized attempts to access sensitive data • Attempts to elevate user privileges on a system"", parent: ""4.4.A""},"
4.4.B,Determine controls for detecting attacks against a device.,4.4,Determine controls for detecting attacks against a device.,"{id: ""4.4.B"", text: ""Determine controls for detecting attacks against a device."", parent: ""4.4""},"
4.4.B.1,Performance is a criterion for determining a detection method. Detection tools use system memory and processing power and can impact the performance of a device. Anomaly-based detection tools use more system resources than signature-based tools. Signature-based detection is a better option for devices with less powerful system resources. Many embedded devices do not have enough system resources to run any detection tools on the device.,4.4.B,Performance is a criterion for determining a detection method. Detection tools use system memory and processing power and can impact the performance of a device. Anomaly-based detection tools use more system resources than signature-based tools. Signature-based detection is a better option for devices with less powerful system resources. Many embedded devices do not have enough system resources to run any detection tools on the device.,"{id: ""4.4.B.1"", text: ""Performance is a criterion for determining a detection method. Detection tools use system memory and processing power and can impact the performance of a device. Anomaly-based detection tools use more system resources than signature-based tools. Signature-based detection is a better option for devices with less powerful system resources. Many embedded devices do not have enough system resources to run any detection tools on the device."", parent: ""4.4.B""},"
4.4.B.2,"Cost is a criterion for determining a detection method. Organizations that purchase detection software need to consider the cost of purchasing enough software licenses for the number of devices they need to monitor. Some organizations purchase an endpoint detection and response (EDR) service from a third-party vendor. Although these services are expensive, they provide a holistic, unified approach to threat detection for an organization's devices; they typically include a centralized alert platform for monitoring possible attacks on devices.",4.4.B,"Cost is a criterion for determining a detection method. Organizations that purchase detection software need to consider the cost of purchasing enough software licenses for the number of devices they need to monitor. Some organizations purchase an endpoint detection and response (EDR) service from a third-party vendor. Although these services are expensive, they provide a holistic, unified approach to threat detection for an organization's devices; they typically include a centralized alert platform for monitoring possible attacks on devices.","{id: ""4.4.B.2"", text: ""Cost is a criterion for determining a detection method. Organizations that purchase detection software need to consider the cost of purchasing enough software licenses for the number of devices they need to monitor. Some organizations purchase an endpoint detection and response (EDR) service from a third-party vendor. Although these services are expensive, they provide a holistic, unified approach to threat detection for an organization's devices; they typically include a centralized alert platform for monitoring possible attacks on devices."", parent: ""4.4.B""},"
4.4.B.3,"Sensitivity or criticality of the device is a criterion for determining a detection method. Devices that store or process sensitive information or provide critical services are more likely to be targeted by adversaries and benefit from a hybrid-detection model to offer maximum protection, when possible.",4.4.B,"Sensitivity or criticality of the device is a criterion for determining a detection method. Devices that store or process sensitive information or provide critical services are more likely to be targeted by adversaries and benefit from a hybrid-detection model to offer maximum protection, when possible.","{id: ""4.4.B.3"", text: ""Sensitivity or criticality of the device is a criterion for determining a detection method. Devices that store or process sensitive information or provide critical services are more likely to be targeted by adversaries and benefit from a hybrid-detection model to offer maximum protection, when possible."", parent: ""4.4.B""},"
4.4.C,Evaluate the impact of a device detection method.,4.4,Evaluate the impact of a device detection method.,"{id: ""4.4.C"", text: ""Evaluate the impact of a device detection method."", parent: ""4.4""},"
4.4.C.1,"Speed and performance are factors in evaluating the impact of a detection method. Signature-based detection is faster than anomaly-based detection in general, and that effect is compounded on devices, which often lack the processing power to effectively run anomaly-based detection tools. Implementing resourceintensive detection tools on devices can degrade device performance.",4.4.C,"Speed and performance are factors in evaluating the impact of a detection method. Signature-based detection is faster than anomaly-based detection in general, and that effect is compounded on devices, which often lack the processing power to effectively run anomaly-based detection tools. Implementing resourceintensive detection tools on devices can degrade device performance.","{id: ""4.4.C.1"", text: ""Speed and performance are factors in evaluating the impact of a detection method. Signature-based detection is faster than anomaly-based detection in general, and that effect is compounded on devices, which often lack the processing power to effectively run anomaly-based detection tools. Implementing resourceintensive detection tools on devices can degrade device performance."", parent: ""4.4.C""},"
4.4.C.2,"Phase of the attack is a factor in evaluating the impact of a detection method. To carry out actions on a device, adversaries must first bypass a combination of physicalor network-layer protective, deterrent, and detective security controls. Detecting and stopping an attack at the device level can prevent adversaries from accessing sensitive data or disrupting critical services",4.4.C,"Phase of the attack is a factor in evaluating the impact of a detection method. To carry out actions on a device, adversaries must first bypass a combination of physicalor network-layer protective, deterrent, and detective security controls. Detecting and stopping an attack at the device level can prevent adversaries from accessing sensitive data or disrupting critical services","{id: ""4.4.C.2"", text: ""Phase of the attack is a factor in evaluating the impact of a detection method. To carry out actions on a device, adversaries must first bypass a combination of physicalor network-layer protective, deterrent, and detective security controls. Detecting and stopping an attack at the device level can prevent adversaries from accessing sensitive data or disrupting critical services"", parent: ""4.4.C""},"
4.4.C.3,"False positives versus ease of bypassing detection is a factor in evaluating the impact of a detection method. Most device-level detection tools are signature-based, and signature-based detection has a low rate of false positives. However, signature-based detection is easier for adversaries to bypass.",4.4.C,"False positives versus ease of bypassing detection is a factor in evaluating the impact of a detection method. Most device-level detection tools are signature-based, and signature-based detection has a low rate of false positives. However, signature-based detection is easier for adversaries to bypass.","{id: ""4.4.C.3"", text: ""False positives versus ease of bypassing detection is a factor in evaluating the impact of a detection method. Most device-level detection tools are signature-based, and signature-based detection has a low rate of false positives. However, signature-based detection is easier for adversaries to bypass."", parent: ""4.4.C""},"
4.4.D,Apply detection techniques to identify indicators of password attacks by analyzing log files.,4.4,Apply detection techniques to identify indicators of password attacks by analyzing log files.,"{id: ""4.4.D"", text: ""Apply detection techniques to identify indicators of password attacks by analyzing log files."", parent: ""4.4""},"
4.4.D.1,"Online password attacks can be detected in authentication logs. A single user attempting many wrong passwords is an indicator of an online password attack. If a user:password hash database has been compromised, all the user passwords in the database should be considered insecure and all users should be forced to reset their passwords.",4.4.D,"Online password attacks can be detected in authentication logs. A single user attempting many wrong passwords is an indicator of an online password attack. If a user:password hash database has been compromised, all the user passwords in the database should be considered insecure and all users should be forced to reset their passwords.","{id: ""4.4.D.1"", text: ""Online password attacks can be detected in authentication logs. A single user attempting many wrong passwords is an indicator of an online password attack. If a user:password hash database has been compromised, all the user passwords in the database should be considered insecure and all users should be forced to reset their passwords."", parent: ""4.4.D""},"
4.4.D.2,"If an authorized user is logging in from a different location or IP address than expected, or at a different time than normal, this can be an indicator that the user's password has been compromised.",4.4.D,"If an authorized user is logging in from a different location or IP address than expected, or at a different time than normal, this can be an indicator that the user's password has been compromised.","{id: ""4.4.D.2"", text: ""If an authorized user is logging in from a different location or IP address than expected, or at a different time than normal, this can be an indicator that the user's password has been compromised."", parent: ""4.4.D""},"
4.4.D.3,An indicator of password spraying is many users trying to log in within seconds of each other from one IP address or from unusual IP addresses.,4.4.D,An indicator of password spraying is many users trying to log in within seconds of each other from one IP address or from unusual IP addresses.,"{id: ""4.4.D.3"", text: ""An indicator of password spraying is many users trying to log in within seconds of each other from one IP address or from unusual IP addresses."", parent: ""4.4.D""},"
4.4.D.4,"An indicator of credential stuffing is a series of default user:password combinations being attempted on a device in quick succession, often from the same IP address.",4.4.D,"An indicator of credential stuffing is a series of default user:password combinations being attempted on a device in quick succession, often from the same IP address.","{id: ""4.4.D.4"", text: ""An indicator of credential stuffing is a series of default user:password combinations being attempted on a device in quick succession, often from the same IP address."", parent: ""4.4.D""},"
4.4.D.5,"Offline password attacks can't be detected, because the attack takes place on the adversary's computer.",4.4.D,"Offline password attacks can't be detected, because the attack takes place on the adversary's computer.","{id: ""4.4.D.5"", text: ""Offline password attacks can't be detected, because the attack takes place on the adversary's computer."", parent: ""4.4.D""},"
5.1.A,"Explain how adversaries can exploit application and file vulnerabilities to cause loss, damage, disruption, or destruction.",5.1,"Explain how adversaries can exploit application and file vulnerabilities to cause loss, damage, disruption, or destruction.","{id: ""5.1.A"", text: ""Explain how adversaries can exploit application and file vulnerabilities to cause loss, damage, disruption, or destruction."", parent: ""5.1""},"
5.1.A.1,An adversary can read any unencrypted files if they have access to the device or drive storing the files.,5.1.A,An adversary can read any unencrypted files if they have access to the device or drive storing the files.,"{id: ""5.1.A.1"", text: ""An adversary can read any unencrypted files if they have access to the device or drive storing the files."", parent: ""5.1.A""},"
5.1.A.2,"Computers have standard users and administrative users. Administrative users have access to control system settings and can typically access any files or applications on a system. If regular users are given administrative privileges on a computer, and an adversary can compromise a user's account, then the adversary will have elevated privileges on the system.",5.1.A,"Computers have standard users and administrative users. Administrative users have access to control system settings and can typically access any files or applications on a system. If regular users are given administrative privileges on a computer, and an adversary can compromise a user's account, then the adversary will have elevated privileges on the system.","{id: ""5.1.A.2"", text: ""Computers have standard users and administrative users. Administrative users have access to control system settings and can typically access any files or applications on a system. If regular users are given administrative privileges on a computer, and an adversary can compromise a user's account, then the adversary will have elevated privileges on the system."", parent: ""5.1.A""},"
5.1.A.3,"When access control settings are weakly configured, many users often have permission to view and sometimes even edit files on a system. Adversaries can take advantage of weak access control settings to steal or destroy files or disrupt an application.",5.1.A,"When access control settings are weakly configured, many users often have permission to view and sometimes even edit files on a system. Adversaries can take advantage of weak access control settings to steal or destroy files or disrupt an application.","{id: ""5.1.A.3"", text: ""When access control settings are weakly configured, many users often have permission to view and sometimes even edit files on a system. Adversaries can take advantage of weak access control settings to steal or destroy files or disrupt an application."", parent: ""5.1.A""},"
5.1.B,Explain how application attacks exploit vulnerabilities.,5.1,Explain how application attacks exploit vulnerabilities.,"{id: ""5.1.B"", text: ""Explain how application attacks exploit vulnerabilities."", parent: ""5.1""},"
5.1.B.1,"Applications are programs that run instructions on computers; they are executable data. Some applications run locally on a user's computer, while other applications, like web applications, run on a server and are accessed by users through a network.",5.1.B,"Applications are programs that run instructions on computers; they are executable data. Some applications run locally on a user's computer, while other applications, like web applications, run on a server and are accessed by users through a network.","{id: ""5.1.B.1"", text: ""Applications are programs that run instructions on computers; they are executable data. Some applications run locally on a user's computer, while other applications, like web applications, run on a server and are accessed by users through a network."", parent: ""5.1.B""},"
5.1.B.10,"In a directory traversal attack, adversaries modify URLs and GET requests to attempt to access sensitive data (e.g., usernames and passwords) on a server's file system.",5.1.B,"In a directory traversal attack, adversaries modify URLs and GET requests to attempt to access sensitive data (e.g., usernames and passwords) on a server's file system.","{id: ""5.1.B.10"", text: ""In a directory traversal attack, adversaries modify URLs and GET requests to attempt to access sensitive data (e.g., usernames and passwords) on a server's file system."", parent: ""5.1.B""},"
5.1.B.2,"Many applications take user input through open-ended input fields where users can type characters (e.g., letters, numbers, punctuation). Developers should include user input checks in their application, such as numeric input when asked for a number of items, to ensure that the user input matches what is expected; the application should reject input outside of the expected parameters. This process of verifying that user input meets expected criteria before processing it is called data validation. Applications that fail to validate user input are vulnerable to injection-type attacks, where adversaries insert unexpected character strings in input fields to alter the behavior of a program.",5.1.B,"Many applications take user input through open-ended input fields where users can type characters (e.g., letters, numbers, punctuation). Developers should include user input checks in their application, such as numeric input when asked for a number of items, to ensure that the user input matches what is expected; the application should reject input outside of the expected parameters. This process of verifying that user input meets expected criteria before processing it is called data validation. Applications that fail to validate user input are vulnerable to injection-type attacks, where adversaries insert unexpected character strings in input fields to alter the behavior of a program.","{id: ""5.1.B.2"", text: ""Many applications take user input through open-ended input fields where users can type characters (e.g., letters, numbers, punctuation). Developers should include user input checks in their application, such as numeric input when asked for a number of items, to ensure that the user input matches what is expected; the application should reject input outside of the expected parameters. This process of verifying that user input meets expected criteria before processing it is called data validation. Applications that fail to validate user input are vulnerable to injection-type attacks, where adversaries insert unexpected character strings in input fields to alter the behavior of a program."", parent: ""5.1.B""},"
5.1.B.3,Structured query language (SQL) is a computer language used to request information from databases and make changes to databases or entries in databases. Applications that query a database using unvalidated or unsanitized input from users are vulnerable,5.1.B,Structured query language (SQL) is a computer language used to request information from databases and make changes to databases or entries in databases. Applications that query a database using unvalidated or unsanitized input from users are vulnerable,"{id: ""5.1.B.3"", text: ""Structured query language (SQL) is a computer language used to request information from databases and make changes to databases or entries in databases. Applications that query a database using unvalidated or unsanitized input from users are vulnerable"", parent: ""5.1.B""},"
5.1.B.4,"An SQL-injection attack places SQL commands and control characters into a user-input field in an application, which can lead to a breach of confidentiality by causing the application to return more information than it should, or a breach of integrity by modifying or deleting data in the database.",5.1.B,"An SQL-injection attack places SQL commands and control characters into a user-input field in an application, which can lead to a breach of confidentiality by causing the application to return more information than it should, or a breach of integrity by modifying or deleting data in the database.","{id: ""5.1.B.4"", text: ""An SQL-injection attack places SQL commands and control characters into a user-input field in an application, which can lead to a breach of confidentiality by causing the application to return more information than it should, or a breach of integrity by modifying or deleting data in the database."", parent: ""5.1.B""},"
5.1.B.5,"Websites are written using hypertext markup language (HTML), and many websites use Javascript to create dynamic content on websites or web applications. Because Javascript commands run in the browser of the user visiting the website, those commands can access sensitive data stored in the browser like usernames, passwords, and cryptographic keys.",5.1.B,"Websites are written using hypertext markup language (HTML), and many websites use Javascript to create dynamic content on websites or web applications. Because Javascript commands run in the browser of the user visiting the website, those commands can access sensitive data stored in the browser like usernames, passwords, and cryptographic keys.","{id: ""5.1.B.5"", text: ""Websites are written using hypertext markup language (HTML), and many websites use Javascript to create dynamic content on websites or web applications. Because Javascript commands run in the browser of the user visiting the website, those commands can access sensitive data stored in the browser like usernames, passwords, and cryptographic keys."", parent: ""5.1.B""},"
5.1.B.6,"A cross site scripting (XSS) attack injects malicious code into a website that a user's browser then executes. The malicious code can be embedded in a link the user clicks (a Type I or Reflected XSS attack) or it can be inserted onto a website through a comment field, forum post, or visitor log, which would affect any user visiting that website (a Type II or Stored XSS attack).",5.1.B,"A cross site scripting (XSS) attack injects malicious code into a website that a user's browser then executes. The malicious code can be embedded in a link the user clicks (a Type I or Reflected XSS attack) or it can be inserted onto a website through a comment field, forum post, or visitor log, which would affect any user visiting that website (a Type II or Stored XSS attack).","{id: ""5.1.B.6"", text: ""A cross site scripting (XSS) attack injects malicious code into a website that a user's browser then executes. The malicious code can be embedded in a link the user clicks (a Type I or Reflected XSS attack) or it can be inserted onto a website through a comment field, forum post, or visitor log, which would affect any user visiting that website (a Type II or Stored XSS attack)."", parent: ""5.1.B""},"
5.1.B.7,"When applications take user input, that input is written to a buffer. A buffer is a designated section of computer memory with a fixed size. If the amount of data the user enters exceeds the size of the buffer, it can overflow into adjacent memory locations and overwrite other parts of the computer's memory.",5.1.B,"When applications take user input, that input is written to a buffer. A buffer is a designated section of computer memory with a fixed size. If the amount of data the user enters exceeds the size of the buffer, it can overflow into adjacent memory locations and overwrite other parts of the computer's memory.","{id: ""5.1.B.7"", text: ""When applications take user input, that input is written to a buffer. A buffer is a designated section of computer memory with a fixed size. If the amount of data the user enters exceeds the size of the buffer, it can overflow into adjacent memory locations and overwrite other parts of the computer's memory."", parent: ""5.1.B""},"
5.1.B.8,"A buffer overflow attack feeds more data into memory than was allotted, which can cause a system to crash or to execute code outside the scope of a program's security policy, effectively allowing the adversary to perform unauthorized actions on a computer, such as accessing, modifying, or deleting files.",5.1.B,"A buffer overflow attack feeds more data into memory than was allotted, which can cause a system to crash or to execute code outside the scope of a program's security policy, effectively allowing the adversary to perform unauthorized actions on a computer, such as accessing, modifying, or deleting files.","{id: ""5.1.B.8"", text: ""A buffer overflow attack feeds more data into memory than was allotted, which can cause a system to crash or to execute code outside the scope of a program's security policy, effectively allowing the adversary to perform unauthorized actions on a computer, such as accessing, modifying, or deleting files."", parent: ""5.1.B""},"
5.1.B.9,"The files that run web applications are stored in directories on servers. When users access web applications, their browsers send GET requests using hypertext transfer protocol (HTTP). A GET request accesses a file somewhere in the filesystem of the server.",5.1.B,"The files that run web applications are stored in directories on servers. When users access web applications, their browsers send GET requests using hypertext transfer protocol (HTTP). A GET request accesses a file somewhere in the filesystem of the server.","{id: ""5.1.B.9"", text: ""The files that run web applications are stored in directories on servers. When users access web applications, their browsers send GET requests using hypertext transfer protocol (HTTP). A GET request accesses a file somewhere in the filesystem of the server."", parent: ""5.1.B""},"
5.1.C,Assess and document risks from application and data vulnerabilities.,5.1,Assess and document risks from application and data vulnerabilities.,"{id: ""5.1.C"", text: ""Assess and document risks from application and data vulnerabilities."", parent: ""5.1""},"
5.1.C.1,"Data security risks can involve a compromise of confidentiality when unauthorized persons can access sensitive data, integrity when data can be manipulated or altered from its intended state, and availability when data can be destroyed or encrypted to prevent others from accessing it.",5.1.C,"Data security risks can involve a compromise of confidentiality when unauthorized persons can access sensitive data, integrity when data can be manipulated or altered from its intended state, and availability when data can be destroyed or encrypted to prevent others from accessing it.","{id: ""5.1.C.1"", text: ""Data security risks can involve a compromise of confidentiality when unauthorized persons can access sensitive data, integrity when data can be manipulated or altered from its intended state, and availability when data can be destroyed or encrypted to prevent others from accessing it."", parent: ""5.1.C""},"
5.1.C.2,"High risks from data vulnerabilities often involve highly sensitive data (e.g., data that is governed by laws or regulations) that could be compromised through a highly likely exploit.",5.1.C,"High risks from data vulnerabilities often involve highly sensitive data (e.g., data that is governed by laws or regulations) that could be compromised through a highly likely exploit.","{id: ""5.1.C.2"", text: ""High risks from data vulnerabilities often involve highly sensitive data (e.g., data that is governed by laws or regulations) that could be compromised through a highly likely exploit."", parent: ""5.1.C""},"
5.1.C.3,Moderate risks from data vulnerabilities often involve sensitive data not having strong enough encryption or strict enough access controls.,5.1.C,Moderate risks from data vulnerabilities often involve sensitive data not having strong enough encryption or strict enough access controls.,"{id: ""5.1.C.3"", text: ""Moderate risks from data vulnerabilities often involve sensitive data not having strong enough encryption or strict enough access controls."", parent: ""5.1.C""},"
5.1.C.4,Low risks from data vulnerabilities often involve less sensitive information being encrypted with shorter keys or having access controls that are not strict enough.,5.1.C,Low risks from data vulnerabilities often involve less sensitive information being encrypted with shorter keys or having access controls that are not strict enough.,"{id: ""5.1.C.4"", text: ""Low risks from data vulnerabilities often involve less sensitive information being encrypted with shorter keys or having access controls that are not strict enough."", parent: ""5.1.C""},"
5.2.A,Explain how the state or classification of data impacts the type and degree of security applied to that data.,5.2,Explain how the state or classification of data impacts the type and degree of security applied to that data.,"{id: ""5.2.A"", text: ""Explain how the state or classification of data impacts the type and degree of security applied to that data."", parent: ""5.2""},"
5.2.A.1,"Organizations implement specific security controls to comply with legal requirements based on the types of data they collect, store, process, and transmit.",5.2.A,"Organizations implement specific security controls to comply with legal requirements based on the types of data they collect, store, process, and transmit.","{id: ""5.2.A.1"", text: ""Organizations implement specific security controls to comply with legal requirements based on the types of data they collect, store, process, and transmit."", parent: ""5.2.A""},"
5.2.A.2,"Data can be classified by their state. • Data at rest are stored on a drive. It is important to protect the physical drive storing the data from destruction or theft. Data at rest can also be encrypted so that if an adversary steals it, they can't immediately read the data. • Data in transit are being sent from one device to another. If the data are being transferred over physical media (e.g., cables) it is important to protect the media. Data in transit can also be encrypted so that if an adversary intercepts it, they can't immediately read the data. • Data in use are being processed by software or a person. Access controls can be used to limit who or what has the ability to use data in different ways (e.g., view or edit). Data must be unencrypted to be used.",5.2.A,"Data can be classified by their state. • Data at rest are stored on a drive. It is important to protect the physical drive storing the data from destruction or theft. Data at rest can also be encrypted so that if an adversary steals it, they can't immediately read the data. • Data in transit are being sent from one device to another. If the data are being transferred over physical media (e.g., cables) it is important to protect the media. Data in transit can also be encrypted so that if an adversary intercepts it, they can't immediately read the data. • Data in use are being processed by software or a person. Access controls can be used to limit who or what has the ability to use data in different ways (e.g., view or edit). Data must be unencrypted to be used.","{id: ""5.2.A.2"", text: ""Data can be classified by their state. • Data at rest are stored on a drive. It is important to protect the physical drive storing the data from destruction or theft. Data at rest can also be encrypted so that if an adversary steals it, they can't immediately read the data. • Data in transit are being sent from one device to another. If the data are being transferred over physical media (e.g., cables) it is important to protect the media. Data in transit can also be encrypted so that if an adversary intercepts it, they can't immediately read the data. • Data in use are being processed by software or a person. Access controls can be used to limit who or what has the ability to use data in different ways (e.g., view or edit). Data must be unencrypted to be used."", parent: ""5.2.A""},"
5.2.A.3,Organizations often categorize data according to their sensitivity and prioritize a higher degree of security for more sensitive information.,5.2.A,Organizations often categorize data according to their sensitivity and prioritize a higher degree of security for more sensitive information.,"{id: ""5.2.A.3"", text: ""Organizations often categorize data according to their sensitivity and prioritize a higher degree of security for more sensitive information."", parent: ""5.2.A""},"
5.2.A.4,"Laws and regulations can require certain types of data to be stored, transmitted, and handled according to specific rules. • Personally identifiable information (PII) is any data that allows someone to be identified and includes (but is not limited to): name, signature, phone number, address, biometric data (e.g., fingerprints), social security number, date of birth, and email address. The protection of this data is covered by many laws but most notably The Privacy Act of 1974 and for children under the age of 13 the Children's Online Privacy Protection Act of 1998. • Protect health information (PHI) is any data related to an individual's health, treatment, payment for healthcare at any time and includes (but is not limited to): test results, treatment records, hospital records, doctor visit notes, and health provider payment records. The protection of PHI is included in the Health Insurance Portability and Accountability Act of 1996. • Payment card information (PCI) is the data collected by organizations to process payments via cards (e.g., credit cards) and includes the following: name, account number, expiration date, address, and CVV code. The protection of this data is regulated by the Payment Card Industry Data Security Standard (PCI-DSS).",5.2.A,"Laws and regulations can require certain types of data to be stored, transmitted, and handled according to specific rules. • Personally identifiable information (PII) is any data that allows someone to be identified and includes (but is not limited to): name, signature, phone number, address, biometric data (e.g., fingerprints), social security number, date of birth, and email address. The protection of this data is covered by many laws but most notably The Privacy Act of 1974 and for children under the age of 13 the Children's Online Privacy Protection Act of 1998. • Protect health information (PHI) is any data related to an individual's health, treatment, payment for healthcare at any time and includes (but is not limited to): test results, treatment records, hospital records, doctor visit notes, and health provider payment records. The protection of PHI is included in the Health Insurance Portability and Accountability Act of 1996. • Payment card information (PCI) is the data collected by organizations to process payments via cards (e.g., credit cards) and includes the following: name, account number, expiration date, address, and CVV code. The protection of this data is regulated by the Payment Card Industry Data Security Standard (PCI-DSS).","{id: ""5.2.A.4"", text: ""Laws and regulations can require certain types of data to be stored, transmitted, and handled according to specific rules. • Personally identifiable information (PII) is any data that allows someone to be identified and includes (but is not limited to): name, signature, phone number, address, biometric data (e.g., fingerprints), social security number, date of birth, and email address. The protection of this data is covered by many laws but most notably The Privacy Act of 1974 and for children under the age of 13 the Children's Online Privacy Protection Act of 1998. • Protect health information (PHI) is any data related to an individual's health, treatment, payment for healthcare at any time and includes (but is not limited to): test results, treatment records, hospital records, doctor visit notes, and health provider payment records. The protection of PHI is included in the Health Insurance Portability and Accountability Act of 1996. • Payment card information (PCI) is the data collected by organizations to process payments via cards (e.g., credit cards) and includes the following: name, account number, expiration date, address, and CVV code. The protection of this data is regulated by the Payment Card Industry Data Security Standard (PCI-DSS)."", parent: ""5.2.A""},"
5.2.A.5,"Organizations that collect regulated data will label them and have policies that comply with the legal or regulatory requirements for the safe storage, transmission, and handling of these data.",5.2.A,"Organizations that collect regulated data will label them and have policies that comply with the legal or regulatory requirements for the safe storage, transmission, and handling of these data.","{id: ""5.2.A.5"", text: ""Organizations that collect regulated data will label them and have policies that comply with the legal or regulatory requirements for the safe storage, transmission, and handling of these data."", parent: ""5.2.A""},"
5.2.B,Identify managerial controls related to application and data security.,5.2,Identify managerial controls related to application and data security.,"{id: ""5.2.B"", text: ""Identify managerial controls related to application and data security."", parent: ""5.2""},"
5.2.B.1,A cryptography policy will describe the acceptable encryption protocols and key parameters for an organization and may include: • A list of encryption algorithms approved for specific uses • Minimum or maximum key lengths • Cryptographic key-generation requirements and parameters • Cryptographic key-storage requirements,5.2.B,A cryptography policy will describe the acceptable encryption protocols and key parameters for an organization and may include: • A list of encryption algorithms approved for specific uses • Minimum or maximum key lengths • Cryptographic key-generation requirements and parameters • Cryptographic key-storage requirements,"{id: ""5.2.B.1"", text: ""A cryptography policy will describe the acceptable encryption protocols and key parameters for an organization and may include: • A list of encryption algorithms approved for specific uses • Minimum or maximum key lengths • Cryptographic key-generation requirements and parameters • Cryptographic key-storage requirements"", parent: ""5.2.B""},"
5.2.B.2,"A web application security policy will outline the requirements and parameters for testing and mitigating web application vulnerabilities in an organization, and it may include: • Parameters for when an application is subject to a security assessment • Timelines for remediating vulnerabilities based on level of risk • Parameters for how an application security assessment is to be carried out (e.g., using specific tools or according to specific frameworks)",5.2.B,"A web application security policy will outline the requirements and parameters for testing and mitigating web application vulnerabilities in an organization, and it may include: • Parameters for when an application is subject to a security assessment • Timelines for remediating vulnerabilities based on level of risk • Parameters for how an application security assessment is to be carried out (e.g., using specific tools or according to specific frameworks)","{id: ""5.2.B.2"", text: ""A web application security policy will outline the requirements and parameters for testing and mitigating web application vulnerabilities in an organization, and it may include: • Parameters for when an application is subject to a security assessment • Timelines for remediating vulnerabilities based on level of risk • Parameters for how an application security assessment is to be carried out (e.g., using specific tools or according to specific frameworks)"", parent: ""5.2.B""},"
5.2.C,Determine an appropriate access control model to protect applications and data.,5.2,Determine an appropriate access control model to protect applications and data.,"{id: ""5.2.C"", text: ""Determine an appropriate access control model to protect applications and data."", parent: ""5.2""},"
5.2.C.1,"Access control enforces which users or applications (called subjects) can access, modify, add, or remove (called operations) which files or applications (called objects). Access control models describe how to determine which subjects have what type of access to which objects.",5.2.C,"Access control enforces which users or applications (called subjects) can access, modify, add, or remove (called operations) which files or applications (called objects). Access control models describe how to determine which subjects have what type of access to which objects.","{id: ""5.2.C.1"", text: ""Access control enforces which users or applications (called subjects) can access, modify, add, or remove (called operations) which files or applications (called objects). Access control models describe how to determine which subjects have what type of access to which objects."", parent: ""5.2.C""},"
5.2.C.2,Role-based access control (RBAC) assigns every subject to a role and defines which roles have which types of access to which objects.,5.2.C,Role-based access control (RBAC) assigns every subject to a role and defines which roles have which types of access to which objects.,"{id: ""5.2.C.2"", text: ""Role-based access control (RBAC) assigns every subject to a role and defines which roles have which types of access to which objects."", parent: ""5.2.C""},"
5.2.C.3,Rule-based access control (RuBAC) checks a set of rules to determine what type of access a subject should have for a specific object and then allows or denies types of access based on the rules. This access control model is typically layered on top of another access control model.,5.2.C,Rule-based access control (RuBAC) checks a set of rules to determine what type of access a subject should have for a specific object and then allows or denies types of access based on the rules. This access control model is typically layered on top of another access control model.,"{id: ""5.2.C.3"", text: ""Rule-based access control (RuBAC) checks a set of rules to determine what type of access a subject should have for a specific object and then allows or denies types of access based on the rules. This access control model is typically layered on top of another access control model."", parent: ""5.2.C""},"
5.2.C.4,"Discretionary access control (DAC) gives individual subjects the ability to set the type of access that other subjects have on objects they own. In DAC models some subjects are designated as administrators or super users, and they have the ability to override the access controls established by other subjects.",5.2.C,"Discretionary access control (DAC) gives individual subjects the ability to set the type of access that other subjects have on objects they own. In DAC models some subjects are designated as administrators or super users, and they have the ability to override the access controls established by other subjects.","{id: ""5.2.C.4"", text: ""Discretionary access control (DAC) gives individual subjects the ability to set the type of access that other subjects have on objects they own. In DAC models some subjects are designated as administrators or super users, and they have the ability to override the access controls established by other subjects."", parent: ""5.2.C""},"
5.2.C.5,"Mandatory access control (MAC) follows strict rules for which types of access each subject level has for objects that are above their level, at their level, or below their level. Subject and object levels are assigned by an external administrator.",5.2.C,"Mandatory access control (MAC) follows strict rules for which types of access each subject level has for objects that are above their level, at their level, or below their level. Subject and object levels are assigned by an external administrator.","{id: ""5.2.C.5"", text: ""Mandatory access control (MAC) follows strict rules for which types of access each subject level has for objects that are above their level, at their level, or below their level. Subject and object levels are assigned by an external administrator."", parent: ""5.2.C""},"
5.2.C.6,"The Bell-LaPadula model is a MAC model that is often used by governments and military organizations to control the security of information. This model has the following two important properties: i. The Simple Security Property states that subjects may not read objects that are above their level; ii. The *(Star) Security Property states that subjects may not write to objects below their level; These rules taken together are often summarized as ""write up, read down"" (WURD).",5.2.C,"The Bell-LaPadula model is a MAC model that is often used by governments and military organizations to control the security of information. This model has the following two important properties: i. The Simple Security Property states that subjects may not read objects that are above their level; ii. The *(Star) Security Property states that subjects may not write to objects below their level; These rules taken together are often summarized as 'write up, read down' (WURD).","{id: ""5.2.C.6"", text: ""The Bell-LaPadula model is a MAC model that is often used by governments and military organizations to control the security of information. This model has the following two important properties: i. The Simple Security Property states that subjects may not read objects that are above their level; ii. The *(Star) Security Property states that subjects may not write to objects below their level; These rules taken together are often summarized as 'write up, read down' (WURD)."", parent: ""5.2.C""},"
5.2.C.7,The principle of least privilege is the idea that entities should be given exactly as much access as they need to perform their function and no more.,5.2.C,The principle of least privilege is the idea that entities should be given exactly as much access as they need to perform their function and no more.,"{id: ""5.2.C.7"", text: ""The principle of least privilege is the idea that entities should be given exactly as much access as they need to perform their function and no more."", parent: ""5.2.C""},"
5.2.D,Configure access control settings on a Linux-based system.,5.2,Configure access control settings on a Linux-based system.,"{id: ""5.2.D"", text: ""Configure access control settings on a Linux-based system."", parent: ""5.2""},"
5.2.D.1,Authorization is when an entity is granted permission to have a certain type of access to a resource. Access controls are put in place to control which users have what types of access to which data.,5.2.D,Authorization is when an entity is granted permission to have a certain type of access to a resource. Access controls are put in place to control which users have what types of access to which data.,"{id: ""5.2.D.1"", text: ""Authorization is when an entity is granted permission to have a certain type of access to a resource. Access controls are put in place to control which users have what types of access to which data."", parent: ""5.2.D""},"
5.2.D.2,"There are three types of access to a file in Linux that can be set, and they always come in the following order: i. Read access allows a user to make changes to a file; ii. Write access allows a use to make changes to a file; iii. Execute access allows a user to run a binary file such as a program; These are abbreviated rwx , respectively. If a user only has read and execute permissions (not write), then it would display as r-x . The - symbol indicates the absence of that permission.",5.2.D,"There are three types of access to a file in Linux that can be set, and they always come in the following order: i. Read access allows a user to make changes to a file; ii. Write access allows a use to make changes to a file; iii. Execute access allows a user to run a binary file such as a program; These are abbreviated rwx , respectively. If a user only has read and execute permissions (not write), then it would display as r-x . The - symbol indicates the absence of that permission.","{id: ""5.2.D.2"", text: ""There are three types of access to a file in Linux that can be set, and they always come in the following order: i. Read access allows a user to make changes to a file; ii. Write access allows a use to make changes to a file; iii. Execute access allows a user to run a binary file such as a program; These are abbreviated rwx , respectively. If a user only has read and execute permissions (not write), then it would display as r-x . The - symbol indicates the absence of that permission."", parent: ""5.2.D""},"
5.2.D.3,"There are three default entities for which permissions are set and always in this order: (1) the file owner, (2) the file group, and (3) all other users. The three sets are displayed with no spaces (e.g., rwxrwxrwx ).",5.2.D,"There are three default entities for which permissions are set and always in this order: (1) the file owner, (2) the file group, and (3) all other users. The three sets are displayed with no spaces (e.g., rwxrwxrwx ).","{id: ""5.2.D.3"", text: ""There are three default entities for which permissions are set and always in this order: (1) the file owner, (2) the file group, and (3) all other users. The three sets are displayed with no spaces (e.g., rwxrwxrwx )."", parent: ""5.2.D""},"
5.2.D.4,"To view the current permission settings for a file, use the command ls -l , which will show the current settings for the default entities. If there is a + symbol at the end of the permissions, this means that other permissions have been set for that file and it can be viewed with the getfacl command.",5.2.D,"To view the current permission settings for a file, use the command ls -l , which will show the current settings for the default entities. If there is a + symbol at the end of the permissions, this means that other permissions have been set for that file and it can be viewed with the getfacl command.","{id: ""5.2.D.4"", text: ""To view the current permission settings for a file, use the command ls -l , which will show the current settings for the default entities. If there is a + symbol at the end of the permissions, this means that other permissions have been set for that file and it can be viewed with the getfacl command."", parent: ""5.2.D""},"
5.2.D.5,"To modify the permission settings for a file, use the chmod command. This command can be used with the numeric method or the symbolic method.",5.2.D,"To modify the permission settings for a file, use the chmod command. This command can be used with the numeric method or the symbolic method.","{id: ""5.2.D.5"", text: ""To modify the permission settings for a file, use the chmod command. This command can be used with the numeric method or the symbolic method."", parent: ""5.2.D""},"
5.2.D.6,"To use chmod in the numeric method the syntax is chmod ### filename. Each of the three ### represents one of the three entities mentioned above (the owner, the group, other nongroup users). • The first # = the owner • The second # = the group • The third # = other nongroup users The permission for each entity is determined by adding up the values for the types of access to be granted: • 0 = no permissions • 1 = execute • 2 = write • 4 = read Therefore 3 sets permission to write and execute, 5 sets permission to read and execute, 6 sets permission to read and write, and 7 sets permission to read, write, and execute.",5.2.D,"To use chmod in the numeric method the syntax is chmod ### filename. Each of the three ### represents one of the three entities mentioned above (the owner, the group, other nongroup users). • The first # = the owner • The second # = the group • The third # = other nongroup users The permission for each entity is determined by adding up the values for the types of access to be granted: • 0 = no permissions • 1 = execute • 2 = write • 4 = read Therefore 3 sets permission to write and execute, 5 sets permission to read and execute, 6 sets permission to read and write, and 7 sets permission to read, write, and execute.","{id: ""5.2.D.6"", text: ""To use chmod in the numeric method the syntax is chmod ### filename. Each of the three ### represents one of the three entities mentioned above (the owner, the group, other nongroup users). • The first # = the owner • The second # = the group • The third # = other nongroup users The permission for each entity is determined by adding up the values for the types of access to be granted: • 0 = no permissions • 1 = execute • 2 = write • 4 = read Therefore 3 sets permission to write and execute, 5 sets permission to read and execute, 6 sets permission to read and write, and 7 sets permission to read, write, and execute."", parent: ""5.2.D""},"
5.2.D.7,"To use chmod in the symbolic method the syntax is chmod entity + (or - ) permission filename. The entities are the user owner, the group, and other nongroup users. Each entity is represented with a single letter. • u = user owner • g = group • o = others • a = all Permission can be either added or removed to any combination of entities. • + = add the permission • - = remove the permission The permissions that can be set are read, write, and execute. • r = read • w = write • x = execute Entities and permissions can be combined in a single command. To add the read and execute permissions for the group and user owner for a file called testfile , the command would be chmod ug+rx testfile.",5.2.D,"To use chmod in the symbolic method the syntax is chmod entity + (or - ) permission filename. The entities are the user owner, the group, and other nongroup users. Each entity is represented with a single letter. • u = user owner • g = group • o = others • a = all Permission can be either added or removed to any combination of entities. • + = add the permission • - = remove the permission The permissions that can be set are read, write, and execute. • r = read • w = write • x = execute Entities and permissions can be combined in a single command. To add the read and execute permissions for the group and user owner for a file called testfile , the command would be chmod ug+rx testfile.","{id: ""5.2.D.7"", text: ""To use chmod in the symbolic method the syntax is chmod entity + (or - ) permission filename. The entities are the user owner, the group, and other nongroup users. Each entity is represented with a single letter. • u = user owner • g = group • o = others • a = all Permission can be either added or removed to any combination of entities. • + = add the permission • - = remove the permission The permissions that can be set are read, write, and execute. • r = read • w = write • x = execute Entities and permissions can be combined in a single command. To add the read and execute permissions for the group and user owner for a file called testfile , the command would be chmod ug+rx testfile."", parent: ""5.2.D""},"
5.3.A,Explain how encryption can be used to protect files.,5.3,Explain how encryption can be used to protect files.,"{id: ""5.3.A"", text: ""Explain how encryption can be used to protect files."", parent: ""5.3""},"
5.3.A.1,"The purpose of cryptography is to hide information. A cryptographic algorithm defines a process for encrypting and decrypting information. Encryption is the process of hiding the information, and decryption is the process of reversing the encryption to retrieve the original information.",5.3.A,"The purpose of cryptography is to hide information. A cryptographic algorithm defines a process for encrypting and decrypting information. Encryption is the process of hiding the information, and decryption is the process of reversing the encryption to retrieve the original information.","{id: ""5.3.A.1"", text: ""The purpose of cryptography is to hide information. A cryptographic algorithm defines a process for encrypting and decrypting information. Encryption is the process of hiding the information, and decryption is the process of reversing the encryption to retrieve the original information."", parent: ""5.3.A""},"
5.3.A.2,An encryption algorithm defines a process for combining the information to be encrypted with a predefined key. The information to be encrypted is called the plaintext. The output of the encryption algorithm is called the ciphertext.,5.3.A,An encryption algorithm defines a process for combining the information to be encrypted with a predefined key. The information to be encrypted is called the plaintext. The output of the encryption algorithm is called the ciphertext.,"{id: ""5.3.A.2"", text: ""An encryption algorithm defines a process for combining the information to be encrypted with a predefined key. The information to be encrypted is called the plaintext. The output of the encryption algorithm is called the ciphertext."", parent: ""5.3.A""},"
5.3.A.3,"The number of possible keys that can be used in an encryption algorithm is called the keyspace. The larger the keyspace, the longer it will take an adversary to discover the correct key by random chance.",5.3.A,"The number of possible keys that can be used in an encryption algorithm is called the keyspace. The larger the keyspace, the longer it will take an adversary to discover the correct key by random chance.","{id: ""5.3.A.3"", text: ""The number of possible keys that can be used in an encryption algorithm is called the keyspace. The larger the keyspace, the longer it will take an adversary to discover the correct key by random chance."", parent: ""5.3.A""},"
5.3.A.4,Cryptographic algorithms are classified by whether they use one key or two keys. • Symmetric encryption algorithms use the same key to encrypt and decrypt information. • Asymmetric encryption algorithms use two different keys - one to encrypt information and the other to decrypt information.,5.3.A,Cryptographic algorithms are classified by whether they use one key or two keys. • Symmetric encryption algorithms use the same key to encrypt and decrypt information. • Asymmetric encryption algorithms use two different keys - one to encrypt information and the other to decrypt information.,"{id: ""5.3.A.4"", text: ""Cryptographic algorithms are classified by whether they use one key or two keys. • Symmetric encryption algorithms use the same key to encrypt and decrypt information. • Asymmetric encryption algorithms use two different keys - one to encrypt information and the other to decrypt information."", parent: ""5.3.A""},"
5.3.A.5,"Cryptographic algorithms are also classified by whether they process information one bit at a time or in fixed-size chunks of bits. • Block encryption handles information in fixed-size chunks called blocks, producing an output block for each input block. • Stream encryption handles input information continuously, producing output one element at a time.",5.3.A,"Cryptographic algorithms are also classified by whether they process information one bit at a time or in fixed-size chunks of bits. • Block encryption handles information in fixed-size chunks called blocks, producing an output block for each input block. • Stream encryption handles input information continuously, producing output one element at a time.","{id: ""5.3.A.5"", text: ""Cryptographic algorithms are also classified by whether they process information one bit at a time or in fixed-size chunks of bits. • Block encryption handles information in fixed-size chunks called blocks, producing an output block for each input block. • Stream encryption handles input information continuously, producing output one element at a time."", parent: ""5.3.A""},"
5.3.B,Apply symmetric encryption algorithms to encrypt and decrypt data.,5.3,Apply symmetric encryption algorithms to encrypt and decrypt data.,"{id: ""5.3.B"", text: ""Apply symmetric encryption algorithms to encrypt and decrypt data."", parent: ""5.3""},"
5.3.B.1,"Computer-based encryption algorithms operate on binary data. The most common symmetric encryption algorithm is the Advanced Encryption Standard (AES). AES encryption is used to secure Wi-Fi transmissions, internet browsing, file encryption on disks, and hardware-level encryption on processors.",5.3.B,"Computer-based encryption algorithms operate on binary data. The most common symmetric encryption algorithm is the Advanced Encryption Standard (AES). AES encryption is used to secure Wi-Fi transmissions, internet browsing, file encryption on disks, and hardware-level encryption on processors.","{id: ""5.3.B.1"", text: ""Computer-based encryption algorithms operate on binary data. The most common symmetric encryption algorithm is the Advanced Encryption Standard (AES). AES encryption is used to secure Wi-Fi transmissions, internet browsing, file encryption on disks, and hardware-level encryption on processors."", parent: ""5.3.B""},"
5.3.B.2,AES is a symmetric key block cipher that encrypts data in 128-bit blocks (16 bytes). AES can operate with keys of varying lengths. Longer keys produce more secure encryption but require more time to encrypt and decrypt.,5.3.B,AES is a symmetric key block cipher that encrypts data in 128-bit blocks (16 bytes). AES can operate with keys of varying lengths. Longer keys produce more secure encryption but require more time to encrypt and decrypt.,"{id: ""5.3.B.2"", text: ""AES is a symmetric key block cipher that encrypts data in 128-bit blocks (16 bytes). AES can operate with keys of varying lengths. Longer keys produce more secure encryption but require more time to encrypt and decrypt."", parent: ""5.3.B""},"
5.3.B.3,"Symmetric encryption and decryption can be performed using the command line, specialized software, or webbased tools. • On a command line interface, users can encrypt or decrypt with OpenSSL. • Specialized software like AES Crypt is an open source tool that can encrypt and decrypt files. • There are many web-based tools for encrypting and decrypting files.",5.3.B,"Symmetric encryption and decryption can be performed using the command line, specialized software, or webbased tools. • On a command line interface, users can encrypt or decrypt with OpenSSL. • Specialized software like AES Crypt is an open source tool that can encrypt and decrypt files. • There are many web-based tools for encrypting and decrypting files.","{id: ""5.3.B.3"", text: ""Symmetric encryption and decryption can be performed using the command line, specialized software, or webbased tools. • On a command line interface, users can encrypt or decrypt with OpenSSL. • Specialized software like AES Crypt is an open source tool that can encrypt and decrypt files. • There are many web-based tools for encrypting and decrypting files."", parent: ""5.3.B""},"
5.3.B.4,"Using OpenSSL in a CLI, a user can encrypt and decrypt a file using the following commands (note that the encryption key is derived from the password provided): • To encrypt a file named test with AES using a 128-bit key, use the command: openssl enc -aes-128-cbc -e -in test -k password -out test.enc • To decrypt the encrypted file using the same key, use the command: openssl enc -aes-128-cbc -d -in test. enc -k password -out text",5.3.B,"Using OpenSSL in a CLI, a user can encrypt and decrypt a file using the following commands (note that the encryption key is derived from the password provided): • To encrypt a file named test with AES using a 128-bit key, use the command: openssl enc -aes-128-cbc -e -in test -k password -out test.enc • To decrypt the encrypted file using the same key, use the command: openssl enc -aes-128-cbc -d -in test. enc -k password -out text","{id: ""5.3.B.4"", text: ""Using OpenSSL in a CLI, a user can encrypt and decrypt a file using the following commands (note that the encryption key is derived from the password provided): • To encrypt a file named test with AES using a 128-bit key, use the command: openssl enc -aes-128-cbc -e -in test -k password -out test.enc • To decrypt the encrypted file using the same key, use the command: openssl enc -aes-128-cbc -d -in test. enc -k password -out text"", parent: ""5.3.B""},"
5.4.A,Determine the appropriate asymmetric key to use when sending or receiving encrypted data.,5.4,Determine the appropriate asymmetric key to use when sending or receiving encrypted data.,"{id: ""5.4.A"", text: ""Determine the appropriate asymmetric key to use when sending or receiving encrypted data."", parent: ""5.4""},"
5.4.A.1,Asymmetric encryption allows users to communicate securely without prearranging a shared secret key.,5.4.A,Asymmetric encryption allows users to communicate securely without prearranging a shared secret key.,"{id: ""5.4.A.1"", text: ""Asymmetric encryption allows users to communicate securely without prearranging a shared secret key."", parent: ""5.4.A""},"
5.4.A.2,"When using asymmetric encryption, each entity that will be receiving data must first generate a key pair. Key pairs are binary strings of equal length that are generated at the same time through a mathematical process. One key is designated as the public key and the other as the private key. The keys are mathematical inverses of each other‚Äîeach key reverses its partner. Either key can be used to encrypt information, but only the other key in the key pair will then be able to decrypt it.",5.4.A,"When using asymmetric encryption, each entity that will be receiving data must first generate a key pair. Key pairs are binary strings of equal length that are generated at the same time through a mathematical process. One key is designated as the public key and the other as the private key. The keys are mathematical inverses of each other‚Äîeach key reverses its partner. Either key can be used to encrypt information, but only the other key in the key pair will then be able to decrypt it.","{id: ""5.4.A.2"", text: ""When using asymmetric encryption, each entity that will be receiving data must first generate a key pair. Key pairs are binary strings of equal length that are generated at the same time through a mathematical process. One key is designated as the public key and the other as the private key. The keys are mathematical inverses of each other‚Äîeach key reverses its partner. Either key can be used to encrypt information, but only the other key in the key pair will then be able to decrypt it."", parent: ""5.4.A""},"
5.4.A.3,"Once the receiver generates the key pair, the private key must be stored securely. If the private key is exposed, shared, stolen, corrupted, or compromised the key pair must be deleted and a new key pair must be generated, because the security of the encryption algorithm rests on the security of the private key. The public key is published for anyone to view and use.",5.4.A,"Once the receiver generates the key pair, the private key must be stored securely. If the private key is exposed, shared, stolen, corrupted, or compromised the key pair must be deleted and a new key pair must be generated, because the security of the encryption algorithm rests on the security of the private key. The public key is published for anyone to view and use.","{id: ""5.4.A.3"", text: ""Once the receiver generates the key pair, the private key must be stored securely. If the private key is exposed, shared, stolen, corrupted, or compromised the key pair must be deleted and a new key pair must be generated, because the security of the encryption algorithm rests on the security of the private key. The public key is published for anyone to view and use."", parent: ""5.4.A""},"
5.4.A.4,"To send information securely to someone, the sender will use the receiver's public key to encrypt the data and send it. Only the receiver who has the private key will be able to decrypt and read the information.",5.4.A,"To send information securely to someone, the sender will use the receiver's public key to encrypt the data and send it. Only the receiver who has the private key will be able to decrypt and read the information.","{id: ""5.4.A.4"", text: ""To send information securely to someone, the sender will use the receiver's public key to encrypt the data and send it. Only the receiver who has the private key will be able to decrypt and read the information."", parent: ""5.4.A""},"
5.4.B,Explain why the length of a key impacts the security of encrypted data.,5.4,Explain why the length of a key impacts the security of encrypted data.,"{id: ""5.4.B"", text: ""Explain why the length of a key impacts the security of encrypted data."", parent: ""5.4""},"
5.4.B.1,"Longer keys result in larger keyspaces. For binary keys, an n-bit length key has a keyspace of 2n .",5.4.B,"Longer keys result in larger keyspaces. For binary keys, an n-bit length key has a keyspace of 2n .","{id: ""5.4.B.1"", text: ""Longer keys result in larger keyspaces. For binary keys, an n-bit length key has a keyspace of 2n ."", parent: ""5.4.B""},"
5.4.B.2,Using an application to randomly guess an n-bit length encryption key means that on average an adversary will be able to guess the correct key in 2n /2 or 2n-1 guesses.,5.4.B,Using an application to randomly guess an n-bit length encryption key means that on average an adversary will be able to guess the correct key in 2n /2 or 2n-1 guesses.,"{id: ""5.4.B.2"", text: ""Using an application to randomly guess an n-bit length encryption key means that on average an adversary will be able to guess the correct key in 2n /2 or 2n-1 guesses."", parent: ""5.4.B""},"
5.4.B.3,"Although longer keys are more secure, they also require more time to encrypt and decrypt messages.",5.4.B,"Although longer keys are more secure, they also require more time to encrypt and decrypt messages.","{id: ""5.4.B.3"", text: ""Although longer keys are more secure, they also require more time to encrypt and decrypt messages."", parent: ""5.4.B""},"
5.4.B.4,"Computational processing power and efficiency continue to improve, allowing software to guess keys faster. Key-length recommendations for both symmetric and asymmetric encryption algorithms are periodically increased to account for increased processing power.",5.4.B,"Computational processing power and efficiency continue to improve, allowing software to guess keys faster. Key-length recommendations for both symmetric and asymmetric encryption algorithms are periodically increased to account for increased processing power.","{id: ""5.4.B.4"", text: ""Computational processing power and efficiency continue to improve, allowing software to guess keys faster. Key-length recommendations for both symmetric and asymmetric encryption algorithms are periodically increased to account for increased processing power."", parent: ""5.4.B""},"
5.4.B.5,Key-length comparison is only valid when comparing keys for the same cryptographic algorithm.,5.4.B,Key-length comparison is only valid when comparing keys for the same cryptographic algorithm.,"{id: ""5.4.B.5"", text: ""Key-length comparison is only valid when comparing keys for the same cryptographic algorithm."", parent: ""5.4.B""},"
5.4.C,Apply asymmetric encryption algorithms to encrypt and decrypt data.,5.4,Apply asymmetric encryption algorithms to encrypt and decrypt data.,"{id: ""5.4.C"", text: ""Apply asymmetric encryption algorithms to encrypt and decrypt data."", parent: ""5.4""},"
5.4.C.1,"Common asymmetric encryption algorithms include RSA and elliptic curve cryptography (ECC). Asymmetric algorithms are used in many applications, including digital signatures and digital certificates.",5.4.C,"Common asymmetric encryption algorithms include RSA and elliptic curve cryptography (ECC). Asymmetric algorithms are used in many applications, including digital signatures and digital certificates.","{id: ""5.4.C.1"", text: ""Common asymmetric encryption algorithms include RSA and elliptic curve cryptography (ECC). Asymmetric algorithms are used in many applications, including digital signatures and digital certificates."", parent: ""5.4.C""},"
5.4.C.2,"As with symmetric encryption, asymmetric encryption and decryption can be performed using the command line, specialized software, or web-based tools. • On a command line interface, users can encrypt or decrypt with OpenSSL. • Specialized software like RSA Encryption Tool is an open source tool that can encrypt and decrypt files. • There are many web-based tools for encrypting and decrypting files.",5.4.C,"As with symmetric encryption, asymmetric encryption and decryption can be performed using the command line, specialized software, or web-based tools. • On a command line interface, users can encrypt or decrypt with OpenSSL. • Specialized software like RSA Encryption Tool is an open source tool that can encrypt and decrypt files. • There are many web-based tools for encrypting and decrypting files.","{id: ""5.4.C.2"", text: ""As with symmetric encryption, asymmetric encryption and decryption can be performed using the command line, specialized software, or web-based tools. • On a command line interface, users can encrypt or decrypt with OpenSSL. • Specialized software like RSA Encryption Tool is an open source tool that can encrypt and decrypt files. • There are many web-based tools for encrypting and decrypting files."", parent: ""5.4.C""},"
5.4.C.3,"In a CLI, a user can generate an asymmetric key pair and encrypt or decrypt files as necessary. • To generate a 2048-bit RSA key pair and save the key to a file named rsa.pem use the command: openssl genrsa -out rsa.pem 2048 • To extract the public key from rsa.pem into a file named public.pem , use the command: openssl rsa -pubout -in rsa.pem -outform PEM -out public.pem • To encrypt the file test using RSA encryption and the key file public.pem , use the command: openssl pkeyutl -encrypt -pubin -inkey public.pem -in test -out test.enc • To decrypt the test.enc file using the rsa.pem file, run the command: openssl pkeyutl -decrypt -inkey rsa. pem -in test.enc -out test",5.4.C,"In a CLI, a user can generate an asymmetric key pair and encrypt or decrypt files as necessary. • To generate a 2048-bit RSA key pair and save the key to a file named rsa.pem use the command: openssl genrsa -out rsa.pem 2048 • To extract the public key from rsa.pem into a file named public.pem , use the command: openssl rsa -pubout -in rsa.pem -outform PEM -out public.pem • To encrypt the file test using RSA encryption and the key file public.pem , use the command: openssl pkeyutl -encrypt -pubin -inkey public.pem -in test -out test.enc • To decrypt the test.enc file using the rsa.pem file, run the command: openssl pkeyutl -decrypt -inkey rsa. pem -in test.enc -out test","{id: ""5.4.C.3"", text: ""In a CLI, a user can generate an asymmetric key pair and encrypt or decrypt files as necessary. • To generate a 2048-bit RSA key pair and save the key to a file named rsa.pem use the command: openssl genrsa -out rsa.pem 2048 • To extract the public key from rsa.pem into a file named public.pem , use the command: openssl rsa -pubout -in rsa.pem -outform PEM -out public.pem • To encrypt the file test using RSA encryption and the key file public.pem , use the command: openssl pkeyutl -encrypt -pubin -inkey public.pem -in test -out test.enc • To decrypt the test.enc file using the rsa.pem file, run the command: openssl pkeyutl -decrypt -inkey rsa. pem -in test.enc -out test"", parent: ""5.4.C""},"
5.5.A,Identify the application security principles of secure by design and security by default.,5.5,Identify the application security principles of secure by design and security by default.,"{id: ""5.5.A"", text: ""Identify the application security principles of secure by design and security by default."", parent: ""5.5""},"
5.5.A.1,"Secure by design is an initiative that encourages companies to include security in all phases of product development including design. When organizations implement secure by design, security is a design principle not just a technical feature.",5.5.A,"Secure by design is an initiative that encourages companies to include security in all phases of product development including design. When organizations implement secure by design, security is a design principle not just a technical feature.","{id: ""5.5.A.1"", text: ""Secure by design is an initiative that encourages companies to include security in all phases of product development including design. When organizations implement secure by design, security is a design principle not just a technical feature."", parent: ""5.5.A""},"
5.5.A.2,Secure by design includes three design principles: i. Companies should take ownership of customer security outcomes. Companies should build products that meet the security needs of their customers. ii. Companies should embrace radical transparency and accountability. Sharing relevant security-related product news and updates quickly increases security for everyone. iii. Companies should build organizational structure and leadership to implement secure by design. Companies need leaders who are focused on security and have a security-first posture.,5.5.A,Secure by design includes three design principles: i. Companies should take ownership of customer security outcomes. Companies should build products that meet the security needs of their customers. ii. Companies should embrace radical transparency and accountability. Sharing relevant security-related product news and updates quickly increases security for everyone. iii. Companies should build organizational structure and leadership to implement secure by design. Companies need leaders who are focused on security and have a security-first posture.,"{id: ""5.5.A.2"", text: ""Secure by design includes three design principles: i. Companies should take ownership of customer security outcomes. Companies should build products that meet the security needs of their customers. ii. Companies should embrace radical transparency and accountability. Sharing relevant security-related product news and updates quickly increases security for everyone. iii. Companies should build organizational structure and leadership to implement secure by design. Companies need leaders who are focused on security and have a security-first posture."", parent: ""5.5.A""},"
5.5.A.3,"Secure by design includes the concept of secure by default, which is the idea that security features for software and devices should be enabled by default. Devices and software should be secure to use out of the box, with security features already enabled.",5.5.A,"Secure by design includes the concept of secure by default, which is the idea that security features for software and devices should be enabled by default. Devices and software should be secure to use out of the box, with security features already enabled.","{id: ""5.5.A.3"", text: ""Secure by design includes the concept of secure by default, which is the idea that security features for software and devices should be enabled by default. Devices and software should be secure to use out of the box, with security features already enabled."", parent: ""5.5.A""},"
5.5.B,Explain how user input sanitization protects applications.,5.5,Explain how user input sanitization protects applications.,"{id: ""5.5.B"", text: ""Explain how user input sanitization protects applications."", parent: ""5.5""},"
5.5.B.1,"When users enter input into an application, the application typically encases that input in special characters to process it. The characters that encase the user input are called control characters and include the single quote, the double quote, and the semicolon.",5.5.B,"When users enter input into an application, the application typically encases that input in special characters to process it. The characters that encase the user input are called control characters and include the single quote, the double quote, and the semicolon.","{id: ""5.5.B.1"", text: ""When users enter input into an application, the application typically encases that input in special characters to process it. The characters that encase the user input are called control characters and include the single quote, the double quote, and the semicolon."", parent: ""5.5.B""},"
5.5.B.2,"When creating a program that takes user input, programmers should use a function to verify that user input meets their expected criteria and does not include any control characters that could be used to manipulate the system. This verification function can sanitize user input by removing potentially malicious characters, or it can give the user an error and force the user to provide different input. This can protect against many application attacks, including: • SQL injection attacks • XSS attacks • Directory traversal attacks",5.5.B,"When creating a program that takes user input, programmers should use a function to verify that user input meets their expected criteria and does not include any control characters that could be used to manipulate the system. This verification function can sanitize user input by removing potentially malicious characters, or it can give the user an error and force the user to provide different input. This can protect against many application attacks, including: • SQL injection attacks • XSS attacks • Directory traversal attacks","{id: ""5.5.B.2"", text: ""When creating a program that takes user input, programmers should use a function to verify that user input meets their expected criteria and does not include any control characters that could be used to manipulate the system. This verification function can sanitize user input by removing potentially malicious characters, or it can give the user an error and force the user to provide different input. This can protect against many application attacks, including: • SQL injection attacks • XSS attacks • Directory traversal attacks"", parent: ""5.5.B""},"
5.6.A,Explain how to detect attacks on data.,5.6,Explain how to detect attacks on data.,"{id: ""5.6.A"", text: ""Explain how to detect attacks on data."", parent: ""5.6""},"
5.6.A.1,"Devices track and log when data are accessed and by whom. The process of recording and monitoring user activities is called accounting. Analysis of these logs can reveal malicious activity when an adversary attempts to access, copy, move, or delete data. Suspicious activity can include: • Accessing files that aren't typically accessed • Accessing files or applications outside of a user's normal patterns (including time of day, location, and device type) • Attempts to delete or copy sensitive files",5.6.A,"Devices track and log when data are accessed and by whom. The process of recording and monitoring user activities is called accounting. Analysis of these logs can reveal malicious activity when an adversary attempts to access, copy, move, or delete data. Suspicious activity can include: • Accessing files that aren't typically accessed • Accessing files or applications outside of a user's normal patterns (including time of day, location, and device type) • Attempts to delete or copy sensitive files","{id: ""5.6.A.1"", text: ""Devices track and log when data are accessed and by whom. The process of recording and monitoring user activities is called accounting. Analysis of these logs can reveal malicious activity when an adversary attempts to access, copy, move, or delete data. Suspicious activity can include: • Accessing files that aren't typically accessed • Accessing files or applications outside of a user's normal patterns (including time of day, location, and device type) • Attempts to delete or copy sensitive files"", parent: ""5.6.A""},"
5.6.A.2,"A honeypot is a file that appears as if it contains valuable data (e.g., credit card information, PII, passwords), but the data in the file are fake. A system can alert defenders if someone attempts to access the honeypot. Since the honeypot is a fake file, there is no legitimate reason to be accessing it, and any attempted access would be an indicator of malicious activity.",5.6.A,"A honeypot is a file that appears as if it contains valuable data (e.g., credit card information, PII, passwords), but the data in the file are fake. A system can alert defenders if someone attempts to access the honeypot. Since the honeypot is a fake file, there is no legitimate reason to be accessing it, and any attempted access would be an indicator of malicious activity.","{id: ""5.6.A.2"", text: ""A honeypot is a file that appears as if it contains valuable data (e.g., credit card information, PII, passwords), but the data in the file are fake. A system can alert defenders if someone attempts to access the honeypot. Since the honeypot is a fake file, there is no legitimate reason to be accessing it, and any attempted access would be an indicator of malicious activity."", parent: ""5.6.A""},"
5.6.A.3,"Cryptographic hash functions can generate a digest for data and can reveal if data have been altered. If a file has changed unexpectedly, this can be a sign of malicious activity.",5.6.A,"Cryptographic hash functions can generate a digest for data and can reveal if data have been altered. If a file has changed unexpectedly, this can be a sign of malicious activity.","{id: ""5.6.A.3"", text: ""Cryptographic hash functions can generate a digest for data and can reveal if data have been altered. If a file has changed unexpectedly, this can be a sign of malicious activity."", parent: ""5.6.A""},"
5.6.B,Determine controls for detecting attacks against applications or data.,5.6,Determine controls for detecting attacks against applications or data.,"{id: ""5.6.B"", text: ""Determine controls for detecting attacks against applications or data."", parent: ""5.6""},"
5.6.B.1,"Cost is a criterion in determining detective controls. Detective controls like honeypots and using hash values to check data integrity are inexpensive. Some organizations invest in third-party data loss prevention (DLP) services, which monitor data access, usage, and transmission by users throughout the organization to detect suspicious activity; DLP services provide strong detection capabilities at a higher cost.",5.6.B,"Cost is a criterion in determining detective controls. Detective controls like honeypots and using hash values to check data integrity are inexpensive. Some organizations invest in third-party data loss prevention (DLP) services, which monitor data access, usage, and transmission by users throughout the organization to detect suspicious activity; DLP services provide strong detection capabilities at a higher cost.","{id: ""5.6.B.1"", text: ""Cost is a criterion in determining detective controls. Detective controls like honeypots and using hash values to check data integrity are inexpensive. Some organizations invest in third-party data loss prevention (DLP) services, which monitor data access, usage, and transmission by users throughout the organization to detect suspicious activity; DLP services provide strong detection capabilities at a higher cost."", parent: ""5.6.B""},"
5.6.B.2,Sensitivity or criticality of data or applications is a criterion in determining detective controls. More sensitive or critical data or applications are more likely targets of an adversary and should be monitored more closely.,5.6.B,Sensitivity or criticality of data or applications is a criterion in determining detective controls. More sensitive or critical data or applications are more likely targets of an adversary and should be monitored more closely.,"{id: ""5.6.B.2"", text: ""Sensitivity or criticality of data or applications is a criterion in determining detective controls. More sensitive or critical data or applications are more likely targets of an adversary and should be monitored more closely."", parent: ""5.6.B""},"
5.6.B.3,"Classification of data is a criterion in determining detective controls. Data that have been classified as private, educational, healthcare, or financial often have legal or regulatory detection and monitoring requirements.",5.6.B,"Classification of data is a criterion in determining detective controls. Data that have been classified as private, educational, healthcare, or financial often have legal or regulatory detection and monitoring requirements.","{id: ""5.6.B.3"", text: ""Classification of data is a criterion in determining detective controls. Data that have been classified as private, educational, healthcare, or financial often have legal or regulatory detection and monitoring requirements."", parent: ""5.6.B""},"
5.6.C,Evaluate the impact of a method for detecting attacks against an application or data.,5.6,Evaluate the impact of a method for detecting attacks against an application or data.,"{id: ""5.6.C"", text: ""Evaluate the impact of a method for detecting attacks against an application or data."", parent: ""5.6""},"
5.6.C.1,"To operate at an effective speed, log analysis needs to be augmented with some automation. Honeypots offer near instantaneous detection capabilities.",5.6.C,"To operate at an effective speed, log analysis needs to be augmented with some automation. Honeypots offer near instantaneous detection capabilities.","{id: ""5.6.C.1"", text: ""To operate at an effective speed, log analysis needs to be augmented with some automation. Honeypots offer near instantaneous detection capabilities."", parent: ""5.6.C""},"
5.6.C.2,"Some DLP tools, honeypots, and realtime automated log analysis provide alerts as an attack is happening. These tools allow for a prompt response that can stop an attack before it does more harm. Retrospective log analysis and the use of cryptographic hashes to verify data integrity identify attacks after they have occurred.",5.6.C,"Some DLP tools, honeypots, and realtime automated log analysis provide alerts as an attack is happening. These tools allow for a prompt response that can stop an attack before it does more harm. Retrospective log analysis and the use of cryptographic hashes to verify data integrity identify attacks after they have occurred.","{id: ""5.6.C.2"", text: ""Some DLP tools, honeypots, and realtime automated log analysis provide alerts as an attack is happening. These tools allow for a prompt response that can stop an attack before it does more harm. Retrospective log analysis and the use of cryptographic hashes to verify data integrity identify attacks after they have occurred."", parent: ""5.6.C""},"
5.6.C.3,"False negatives can occur in applications and data attack detection. Cryptographic hash functions only detect if data have been altered. An adversary could view and steal data without altering it, and a cryptographic hash function would not detect this. Honeypots cannot detect adversaries that do not attempt to access them.",5.6.C,"False negatives can occur in applications and data attack detection. Cryptographic hash functions only detect if data have been altered. An adversary could view and steal data without altering it, and a cryptographic hash function would not detect this. Honeypots cannot detect adversaries that do not attempt to access them.","{id: ""5.6.C.3"", text: ""False negatives can occur in applications and data attack detection. Cryptographic hash functions only detect if data have been altered. An adversary could view and steal data without altering it, and a cryptographic hash function would not detect this. Honeypots cannot detect adversaries that do not attempt to access them."", parent: ""5.6.C""},"
5.6.D,Identify whether a file has been altered by verifying its hash.,5.6,Identify whether a file has been altered by verifying its hash.,"{id: ""5.6.D"", text: ""Identify whether a file has been altered by verifying its hash."", parent: ""5.6""},"
5.6.D.1,Cryptographic hash functions can help identify changes in a file because they are repeatable: the same input always produces the same output for a given hash function.,5.6.D,Cryptographic hash functions can help identify changes in a file because they are repeatable: the same input always produces the same output for a given hash function.,"{id: ""5.6.D.1"", text: ""Cryptographic hash functions can help identify changes in a file because they are repeatable: the same input always produces the same output for a given hash function."", parent: ""5.6.D""},"
5.6.D.2,"Hashes can be calculated using the command line on a computer, a website, or specialized software. • In Windows Powershell, if a user wanted to generate the SHA256 hash for a file named testfile, they would use the command: Get-FileHash testfile -Algorithm SHA256 • In BASH the same could be accomplished with the command: sha256sum testfile • In zsh, the common command line terminal on Apple computers, this could be accomplished with the command: shasum -a 256 testfile",5.6.D,"Hashes can be calculated using the command line on a computer, a website, or specialized software. • In Windows Powershell, if a user wanted to generate the SHA256 hash for a file named testfile, they would use the command: Get-FileHash testfile -Algorithm SHA256 • In BASH the same could be accomplished with the command: sha256sum testfile • In zsh, the common command line terminal on Apple computers, this could be accomplished with the command: shasum -a 256 testfile","{id: ""5.6.D.2"", text: ""Hashes can be calculated using the command line on a computer, a website, or specialized software. • In Windows Powershell, if a user wanted to generate the SHA256 hash for a file named testfile, they would use the command: Get-FileHash testfile -Algorithm SHA256 • In BASH the same could be accomplished with the command: sha256sum testfile • In zsh, the common command line terminal on Apple computers, this could be accomplished with the command: shasum -a 256 testfile"", parent: ""5.6.D""},"
5.6.D.3,"A file can be hashed and its hash output recorded. Then it can be hashed again later, and the second hash output can be compared to the previous hash output for the same file. If a file's hash changes, then the file was altered between when the first and second hashes were generated.",5.6.D,"A file can be hashed and its hash output recorded. Then it can be hashed again later, and the second hash output can be compared to the previous hash output for the same file. If a file's hash changes, then the file was altered between when the first and second hashes were generated.","{id: ""5.6.D.3"", text: ""A file can be hashed and its hash output recorded. Then it can be hashed again later, and the second hash output can be compared to the previous hash output for the same file. If a file's hash changes, then the file was altered between when the first and second hashes were generated."", parent: ""5.6.D""},"
5.6.E,Apply detection techniques to identify and report indicators of application attacks by analyzing log files.,5.6,Apply detection techniques to identify and report indicators of application attacks by analyzing log files.,"{id: ""5.6.E"", text: ""Apply detection techniques to identify and report indicators of application attacks by analyzing log files."", parent: ""5.6""},"
5.6.E.1,"SQL injection attacks can be detected by reviewing application and server logs of user input for SQL control words and symbols such as: • A single or double quote character: ' "" • Boolean conditions like OR 1=1 • A double dash (which indicates a comment in SQL): -- • SQL control words (always in capital letters) like WHERE, IN, FROM",5.6.E,"SQL injection attacks can be detected by reviewing application and server logs of user input for SQL control words and symbols such as: • A single or double quote character: ' ' • Boolean conditions like OR 1=1 • A double dash (which indicates a comment in SQL): -- • SQL control words (always in capital letters) like WHERE, IN, FROM","{id: ""5.6.E.1"", text: ""SQL injection attacks can be detected by reviewing application and server logs of user input for SQL control words and symbols such as: • A single or double quote character: ' ' • Boolean conditions like OR 1=1 • A double dash (which indicates a comment in SQL): -- • SQL control words (always in capital letters) like WHERE, IN, FROM"", parent: ""5.6.E""},"
5.6.E.2,"XSS attacks can be detected by reviewing user input for suspicious tags, particularly the <script>...</script> tag.",5.6.E,"XSS attacks can be detected by reviewing user input for suspicious tags, particularly the <script>...</script> tag.","{id: ""5.6.E.2"", text: ""XSS attacks can be detected by reviewing user input for suspicious tags, particularly the <script>...</script> tag."", parent: ""5.6.E""},"
5.6.E.3,"For web applications, buffer overflows can be detected by checking the amount of data the user is sending to the web application in their request. The fields commonly checked are the URL length, cookie length, query string length, and total request length. Long strings in any of these fields can be an indicator of an attempted buffer overflow attack.",5.6.E,"For web applications, buffer overflows can be detected by checking the amount of data the user is sending to the web application in their request. The fields commonly checked are the URL length, cookie length, query string length, and total request length. Long strings in any of these fields can be an indicator of an attempted buffer overflow attack.","{id: ""5.6.E.3"", text: ""For web applications, buffer overflows can be detected by checking the amount of data the user is sending to the web application in their request. The fields commonly checked are the URL length, cookie length, query string length, and total request length. Long strings in any of these fields can be an indicator of an attempted buffer overflow attack."", parent: ""5.6.E""},"
5.6.E.4,Directory traversal attacks can be detected by reviewing application and server logs. HTTP GET requests that include paths with sequences of ../ are indicators of an adversary attempting a directory traversal.,5.6.E,Directory traversal attacks can be detected by reviewing application and server logs. HTTP GET requests that include paths with sequences of ../ are indicators of an adversary attempting a directory traversal.,"{id: ""5.6.E.4"", text: ""Directory traversal attacks can be detected by reviewing application and server logs. HTTP GET requests that include paths with sequences of ../ are indicators of an adversary attempting a directory traversal."", parent: ""5.6.E""},"